game_id,team,opponent,quarter,score,score_against
741605,אליצור יבנה,מכבי חיפה גיא נתן,Q1,23,22
741605,אליצור יבנה,מכבי חיפה גיא נתן,Q2,17,23
741605,אליצור יבנה,מכבי חיפה גיא נתן,Q3,28,17
741605,אליצור יבנה,מכבי חיפה גיא נתן,Q4,19,14
741605,מכבי חיפה גיא נתן,אליצור יבנה,Q1,22,23
741605,מכבי חיפה גיא נתן,אליצור יבנה,Q2,23,17
741605,מכבי חיפה גיא נתן,אליצור יבנה,Q3,17,28
741605,מכבי חיפה גיא נתן,אליצור יבנה,Q4,14,19
741602,הפועל נווה שאנן חיפה,אליצור שומרון,Q1,19,16
741602,הפועל נווה שאנן חיפה,אליצור שומרון,Q2,23,23
741602,הפועל נווה שאנן חיפה,אליצור שומרון,Q3,17,10
741602,הפועל נווה שאנן חיפה,אליצור שומרון,Q4,20,25
741602,אליצור שומרון,הפועל נווה שאנן חיפה,Q1,16,19
741602,אליצור שומרון,הפועל נווה שאנן חיפה,Q2,23,23
741602,אליצור שומרון,הפועל נווה שאנן חיפה,Q3,10,17
741602,אליצור שומרון,הפועל נווה שאנן חיפה,Q4,25,20
741606,מכבי אשדוד,א.ס. עירוני אשקלון,Q1,16,21
741606,מכבי אשדוד,א.ס. עירוני אשקלון,Q2,22,22
741606,מכבי אשדוד,א.ס. עירוני אשקלון,Q3,34,21
741606,מכבי אשדוד,א.ס. עירוני אשקלון,Q4,20,24
741606,א.ס. עירוני אשקלון,מכבי אשדוד,Q1,21,16
741606,א.ס. עירוני אשקלון,מכבי אשדוד,Q2,22,22
741606,א.ס. עירוני אשקלון,מכבי אשדוד,Q3,21,34
741606,א.ס. עירוני אשקלון,מכבי אשדוד,Q4,24,20
741607,הפועל מגדל העמק/יזרעאל,מ.ס צפת,Q1,23,23
741607,הפועל מגדל העמק/יזרעאל,מ.ס צפת,Q2,23,8
741607,הפועל מגדל העמק/יזרעאל,מ.ס צפת,Q3,23,31
741607,הפועל מגדל העמק/יזרעאל,מ.ס צפת,Q4,21,18
741607,מ.ס צפת,הפועל מגדל העמק/יזרעאל,Q1,23,23
741607,מ.ס צפת,הפועל מגדל העמק/יזרעאל,Q2,8,23
741607,מ.ס צפת,הפועל מגדל העמק/יזרעאל,Q3,31,23
741607,מ.ס צפת,הפועל מגדל העמק/יזרעאל,Q4,18,21
741601,מ.כ עוטף דרום,מכבי קרית גת,Q1,24,22
741601,מ.כ עוטף דרום,מכבי קרית גת,Q2,26,16
741601,מ.כ עוטף דרום,מכבי קרית גת,Q3,24,30
741601,מ.כ עוטף דרום,מכבי קרית גת,Q4,20,19
741601,מכבי קרית גת,מ.כ עוטף דרום,Q1,22,24
741601,מכבי קרית גת,מ.כ עוטף דרום,Q2,16,26
741601,מכבי קרית גת,מ.כ עוטף דרום,Q3,30,24
741601,מכבי קרית גת,מ.כ עוטף דרום,Q4,19,20
741608,עירוני נהריה,מ.כ עוטף דרום,Q1,22,14
741608,עירוני נהריה,מ.כ עוטף דרום,Q2,28,13
741608,עירוני נהריה,מ.כ עוטף דרום,Q3,22,19
741608,עירוני נהריה,מ.כ עוטף דרום,Q4,23,24
741608,מ.כ עוטף דרום,עירוני נהריה,Q1,14,22
741608,מ.כ עוטף דרום,עירוני נהריה,Q2,13,28
741608,מ.כ עוטף דרום,עירוני נהריה,Q3,19,22
741608,מ.כ עוטף דרום,עירוני נהריה,Q4,24,23
741687,מכבי רחובות,אליצור שומרון,Q1,27,17
741687,מכבי רחובות,אליצור שומרון,Q2,21,26
741687,מכבי רחובות,אליצור שומרון,Q3,17,15
741687,מכבי רחובות,אליצור שומרון,Q4,21,19
741687,אליצור שומרון,מכבי רחובות,Q1,17,27
741687,אליצור שומרון,מכבי רחובות,Q2,26,21
741687,אליצור שומרון,מכבי רחובות,Q3,15,17
741687,אליצור שומרון,מכבי רחובות,Q4,19,21
741610,מכבי חיפה גיא נתן,מכבי אשדוד,Q1,10,20
741610,מכבי חיפה גיא נתן,מכבי אשדוד,Q2,21,23
741610,מכבי חיפה גיא נתן,מכבי אשדוד,Q3,21,29
741610,מכבי חיפה גיא נתן,מכבי אשדוד,Q4,25,17
741610,מכבי אשדוד,מכבי חיפה גיא נתן,Q1,20,10
741610,מכבי אשדוד,מכבי חיפה גיא נתן,Q2,23,21
741610,מכבי אשדוד,מכבי חיפה גיא נתן,Q3,29,21
741610,מכבי אשדוד,מכבי חיפה גיא נתן,Q4,17,25
741609,א.ס. עירוני אשקלון,הפועל מגדל העמק/יזרעאל,Q1,26,18
741609,א.ס. עירוני אשקלון,הפועל מגדל העמק/יזרעאל,Q2,21,24
741609,א.ס. עירוני אשקלון,הפועל מגדל העמק/יזרעאל,Q3,34,27
741609,א.ס. עירוני אשקלון,הפועל מגדל העמק/יזרעאל,Q4,27,29
741609,הפועל מגדל העמק/יזרעאל,א.ס. עירוני אשקלון,Q1,18,26
741609,הפועל מגדל העמק/יזרעאל,א.ס. עירוני אשקלון,Q2,24,21
741609,הפועל מגדל העמק/יזרעאל,א.ס. עירוני אשקלון,Q3,27,34
741609,הפועל מגדל העמק/יזרעאל,א.ס. עירוני אשקלון,Q4,29,27
741614,מכבי קרית גת,הפועל נווה שאנן חיפה,Q1,24,18
741614,מכבי קרית גת,הפועל נווה שאנן חיפה,Q2,23,9
741614,מכבי קרית גת,הפועל נווה שאנן חיפה,Q3,21,22
741614,מכבי קרית גת,הפועל נווה שאנן חיפה,Q4,20,12
741614,הפועל נווה שאנן חיפה,מכבי קרית גת,Q1,18,24
741614,הפועל נווה שאנן חיפה,מכבי קרית גת,Q2,9,23
741614,הפועל נווה שאנן חיפה,מכבי קרית גת,Q3,22,21
741614,הפועל נווה שאנן חיפה,מכבי קרית גת,Q4,12,20
741615,"א.ס רמה""ש ירק השדה",מ.ס צפת,Q1,30,23
741615,"א.ס רמה""ש ירק השדה",מ.ס צפת,Q2,11,18
741615,"א.ס רמה""ש ירק השדה",מ.ס צפת,Q3,29,14
741615,"א.ס רמה""ש ירק השדה",מ.ס צפת,Q4,19,14
741615,מ.ס צפת,"א.ס רמה""ש ירק השדה",Q1,23,30
741615,מ.ס צפת,"א.ס רמה""ש ירק השדה",Q2,18,11
741615,מ.ס צפת,"א.ס רמה""ש ירק השדה",Q3,14,29
741615,מ.ס צפת,"א.ס רמה""ש ירק השדה",Q4,14,19
741611,"מכבי פ""ת",אליצור יבנה,Q1,28,23
741611,"מכבי פ""ת",אליצור יבנה,Q2,26,17
741611,"מכבי פ""ת",אליצור יבנה,Q3,17,24
741611,"מכבי פ""ת",אליצור יבנה,Q4,22,27
741611,אליצור יבנה,"מכבי פ""ת",Q1,23,28
741611,אליצור יבנה,"מכבי פ""ת",Q2,17,26
741611,אליצור יבנה,"מכבי פ""ת",Q3,24,17
741611,אליצור יבנה,"מכבי פ""ת",Q4,27,22
741619,הפועל אסטרל אילת,אליצור שומרון,Q1,22,19
741619,הפועל אסטרל אילת,אליצור שומרון,Q2,20,18
741619,הפועל אסטרל אילת,אליצור שומרון,Q3,20,21
741619,הפועל אסטרל אילת,אליצור שומרון,Q4,21,13
741619,אליצור שומרון,הפועל אסטרל אילת,Q1,19,22
741619,אליצור שומרון,הפועל אסטרל אילת,Q2,18,20
741619,אליצור שומרון,הפועל אסטרל אילת,Q3,21,20
741619,אליצור שומרון,הפועל אסטרל אילת,Q4,13,21
741620,אליצור יבנה,מכבי רחובות,Q1,23,24
741620,אליצור יבנה,מכבי רחובות,Q2,22,20
741620,אליצור יבנה,מכבי רחובות,Q3,23,20
741620,אליצור יבנה,מכבי רחובות,Q4,18,25
741620,מכבי רחובות,אליצור יבנה,Q1,24,23
741620,מכבי רחובות,אליצור יבנה,Q2,20,22
741620,מכבי רחובות,אליצור יבנה,Q3,20,23
741620,מכבי רחובות,אליצור יבנה,Q4,25,18
741621,מכבי אשדוד,"מכבי פ""ת",Q1,36,15
741621,מכבי אשדוד,"מכבי פ""ת",Q2,22,18
741621,מכבי אשדוד,"מכבי פ""ת",Q3,23,9
741621,מכבי אשדוד,"מכבי פ""ת",Q4,13,33
741621,"מכבי פ""ת",מכבי אשדוד,Q1,15,36
741621,"מכבי פ""ת",מכבי אשדוד,Q2,18,22
741621,"מכבי פ""ת",מכבי אשדוד,Q3,9,23
741621,"מכבי פ""ת",מכבי אשדוד,Q4,33,13
741623,מ.ס צפת,א.ס. עירוני אשקלון,Q1,29,23
741623,מ.ס צפת,א.ס. עירוני אשקלון,Q2,24,26
741623,מ.ס צפת,א.ס. עירוני אשקלון,Q3,22,25
741623,מ.ס צפת,א.ס. עירוני אשקלון,Q4,14,20
741623,א.ס. עירוני אשקלון,מ.ס צפת,Q1,23,29
741623,א.ס. עירוני אשקלון,מ.ס צפת,Q2,26,24
741623,א.ס. עירוני אשקלון,מ.ס צפת,Q3,25,22
741623,א.ס. עירוני אשקלון,מ.ס צפת,Q4,20,14
741616,מ.כ עוטף דרום,"א.ס רמה""ש ירק השדה",Q1,18,16
741616,מ.כ עוטף דרום,"א.ס רמה""ש ירק השדה",Q2,27,18
741616,מ.כ עוטף דרום,"א.ס רמה""ש ירק השדה",Q3,24,17
741616,מ.כ עוטף דרום,"א.ס רמה""ש ירק השדה",Q4,18,23
741616,"א.ס רמה""ש ירק השדה",מ.כ עוטף דרום,Q1,16,18
741616,"א.ס רמה""ש ירק השדה",מ.כ עוטף דרום,Q2,18,27
741616,"א.ס רמה""ש ירק השדה",מ.כ עוטף דרום,Q3,17,24
741616,"א.ס רמה""ש ירק השדה",מ.כ עוטף דרום,Q4,23,18
741622,הפועל מגדל העמק/יזרעאל,מכבי חיפה גיא נתן,Q1,22,25
741622,הפועל מגדל העמק/יזרעאל,מכבי חיפה גיא נתן,Q2,22,20
741622,הפועל מגדל העמק/יזרעאל,מכבי חיפה גיא נתן,Q3,24,16
741622,הפועל מגדל העמק/יזרעאל,מכבי חיפה גיא נתן,Q4,19,18
741622,מכבי חיפה גיא נתן,הפועל מגדל העמק/יזרעאל,Q1,25,22
741622,מכבי חיפה גיא נתן,הפועל מגדל העמק/יזרעאל,Q2,20,22
741622,מכבי חיפה גיא נתן,הפועל מגדל העמק/יזרעאל,Q3,16,24
741622,מכבי חיפה גיא נתן,הפועל מגדל העמק/יזרעאל,Q4,18,19
741617,הפועל נווה שאנן חיפה,עירוני נהריה,Q1,18,15
741617,הפועל נווה שאנן חיפה,עירוני נהריה,Q2,16,26
741617,הפועל נווה שאנן חיפה,עירוני נהריה,Q3,27,16
741617,הפועל נווה שאנן חיפה,עירוני נהריה,Q4,21,20
741617,עירוני נהריה,הפועל נווה שאנן חיפה,Q1,15,18
741617,עירוני נהריה,הפועל נווה שאנן חיפה,Q2,26,16
741617,עירוני נהריה,הפועל נווה שאנן חיפה,Q3,16,27
741617,עירוני נהריה,הפועל נווה שאנן חיפה,Q4,20,21
741630,מכבי קרית גת,הפועל אסטרל אילת,Q1,23,27
741630,מכבי קרית גת,הפועל אסטרל אילת,Q2,26,29
741630,מכבי קרית גת,הפועל אסטרל אילת,Q3,16,21
741630,מכבי קרית גת,הפועל אסטרל אילת,Q4,16,22
741630,הפועל אסטרל אילת,מכבי קרית גת,Q1,27,23
741630,הפועל אסטרל אילת,מכבי קרית גת,Q2,29,26
741630,הפועל אסטרל אילת,מכבי קרית גת,Q3,21,16
741630,הפועל אסטרל אילת,מכבי קרית גת,Q4,22,16
741628,מכבי רחובות,מכבי אשדוד,Q1,21,17
741628,מכבי רחובות,מכבי אשדוד,Q2,23,21
741628,מכבי רחובות,מכבי אשדוד,Q3,25,20
741628,מכבי רחובות,מכבי אשדוד,Q4,23,19
741628,מכבי אשדוד,מכבי רחובות,Q1,17,21
741628,מכבי אשדוד,מכבי רחובות,Q2,21,23
741628,מכבי אשדוד,מכבי רחובות,Q3,20,25
741628,מכבי אשדוד,מכבי רחובות,Q4,19,23
741624,עירוני נהריה,מכבי מעלה אדומים,Q1,30,14
741624,עירוני נהריה,מכבי מעלה אדומים,Q2,19,21
741624,עירוני נהריה,מכבי מעלה אדומים,Q3,32,19
741624,עירוני נהריה,מכבי מעלה אדומים,Q4,17,24
741624,מכבי מעלה אדומים,עירוני נהריה,Q1,14,30
741624,מכבי מעלה אדומים,עירוני נהריה,Q2,21,19
741624,מכבי מעלה אדומים,עירוני נהריה,Q3,19,32
741624,מכבי מעלה אדומים,עירוני נהריה,Q4,24,17
741631,"א.ס רמה""ש ירק השדה",א.ס. עירוני אשקלון,Q1,31,22
741631,"א.ס רמה""ש ירק השדה",א.ס. עירוני אשקלון,Q2,28,27
741631,"א.ס רמה""ש ירק השדה",א.ס. עירוני אשקלון,Q3,20,27
741631,"א.ס רמה""ש ירק השדה",א.ס. עירוני אשקלון,Q4,24,32
741631,א.ס. עירוני אשקלון,"א.ס רמה""ש ירק השדה",Q1,22,31
741631,א.ס. עירוני אשקלון,"א.ס רמה""ש ירק השדה",Q2,27,28
741631,א.ס. עירוני אשקלון,"א.ס רמה""ש ירק השדה",Q3,27,20
741631,א.ס. עירוני אשקלון,"א.ס רמה""ש ירק השדה",Q4,32,24
741625,מ.כ עוטף דרום,הפועל נווה שאנן חיפה,Q1,22,19
741625,מ.כ עוטף דרום,הפועל נווה שאנן חיפה,Q2,17,20
741625,מ.כ עוטף דרום,הפועל נווה שאנן חיפה,Q3,18,17
741625,מ.כ עוטף דרום,הפועל נווה שאנן חיפה,Q4,19,28
741625,הפועל נווה שאנן חיפה,מ.כ עוטף דרום,Q1,19,22
741625,הפועל נווה שאנן חיפה,מ.כ עוטף דרום,Q2,20,17
741625,הפועל נווה שאנן חיפה,מ.כ עוטף דרום,Q3,17,18
741625,הפועל נווה שאנן חיפה,מ.כ עוטף דרום,Q4,28,19
741627,"מכבי פ""ת",הפועל מגדל העמק/יזרעאל,Q1,25,26
741627,"מכבי פ""ת",הפועל מגדל העמק/יזרעאל,Q2,22,18
741627,"מכבי פ""ת",הפועל מגדל העמק/יזרעאל,Q3,17,23
741627,"מכבי פ""ת",הפועל מגדל העמק/יזרעאל,Q4,13,15
741627,הפועל מגדל העמק/יזרעאל,"מכבי פ""ת",Q1,26,25
741627,הפועל מגדל העמק/יזרעאל,"מכבי פ""ת",Q2,18,22
741627,הפועל מגדל העמק/יזרעאל,"מכבי פ""ת",Q3,23,17
741627,הפועל מגדל העמק/יזרעאל,"מכבי פ""ת",Q4,15,13
741600,עירוני נהריה,"א.ס רמה""ש ירק השדה",Q1,14,25
741600,עירוני נהריה,"א.ס רמה""ש ירק השדה",Q2,14,28
741600,עירוני נהריה,"א.ס רמה""ש ירק השדה",Q3,23,16
741600,עירוני נהריה,"א.ס רמה""ש ירק השדה",Q4,27,17
741600,"א.ס רמה""ש ירק השדה",עירוני נהריה,Q1,25,14
741600,"א.ס רמה""ש ירק השדה",עירוני נהריה,Q2,28,14
741600,"א.ס רמה""ש ירק השדה",עירוני נהריה,Q3,16,23
741600,"א.ס רמה""ש ירק השדה",עירוני נהריה,Q4,17,27
741629,אליצור שומרון,אליצור יבנה,Q1,20,12
741629,אליצור שומרון,אליצור יבנה,Q2,13,25
741629,אליצור שומרון,אליצור יבנה,Q3,21,22
741629,אליצור שומרון,אליצור יבנה,Q4,23,18
741629,אליצור יבנה,אליצור שומרון,Q1,12,20
741629,אליצור יבנה,אליצור שומרון,Q2,25,13
741629,אליצור יבנה,אליצור שומרון,Q3,22,21
741629,אליצור יבנה,אליצור שומרון,Q4,18,23
741626,מכבי חיפה גיא נתן,מ.ס צפת,Q1,13,19
741626,מכבי חיפה גיא נתן,מ.ס צפת,Q2,19,18
741626,מכבי חיפה גיא נתן,מ.ס צפת,Q3,17,27
741626,מכבי חיפה גיא נתן,מ.ס צפת,Q4,16,16
741626,מ.ס צפת,מכבי חיפה גיא נתן,Q1,19,13
741626,מ.ס צפת,מכבי חיפה גיא נתן,Q2,18,19
741626,מ.ס צפת,מכבי חיפה גיא נתן,Q3,27,17
741626,מ.ס צפת,מכבי חיפה גיא נתן,Q4,16,16
741637,הפועל מגדל העמק/יזרעאל,מכבי רחובות,Q1,24,25
741637,הפועל מגדל העמק/יזרעאל,מכבי רחובות,Q2,17,23
741637,הפועל מגדל העמק/יזרעאל,מכבי רחובות,Q3,21,18
741637,הפועל מגדל העמק/יזרעאל,מכבי רחובות,Q4,28,22
741637,מכבי רחובות,הפועל מגדל העמק/יזרעאל,Q1,25,24
741637,מכבי רחובות,הפועל מגדל העמק/יזרעאל,Q2,23,17
741637,מכבי רחובות,הפועל מגדל העמק/יזרעאל,Q3,18,21
741637,מכבי רחובות,הפועל מגדל העמק/יזרעאל,Q4,22,28
741639,א.ס. עירוני אשקלון,מכבי חיפה גיא נתן,Q1,18,18
741639,א.ס. עירוני אשקלון,מכבי חיפה גיא נתן,Q2,17,23
741639,א.ס. עירוני אשקלון,מכבי חיפה גיא נתן,Q3,23,16
741639,א.ס. עירוני אשקלון,מכבי חיפה גיא נתן,Q4,20,21
741639,מכבי חיפה גיא נתן,א.ס. עירוני אשקלון,Q1,18,18
741639,מכבי חיפה גיא נתן,א.ס. עירוני אשקלון,Q2,23,17
741639,מכבי חיפה גיא נתן,א.ס. עירוני אשקלון,Q3,16,23
741639,מכבי חיפה גיא נתן,א.ס. עירוני אשקלון,Q4,21,20
741633,מכבי מעלה אדומים,מ.כ עוטף דרום,Q1,22,15
741633,מכבי מעלה אדומים,מ.כ עוטף דרום,Q2,17,25
741633,מכבי מעלה אדומים,מ.כ עוטף דרום,Q3,18,19
741633,מכבי מעלה אדומים,מ.כ עוטף דרום,Q4,26,26
741633,מ.כ עוטף דרום,מכבי מעלה אדומים,Q1,15,22
741633,מ.כ עוטף דרום,מכבי מעלה אדומים,Q2,25,17
741633,מ.כ עוטף דרום,מכבי מעלה אדומים,Q3,19,18
741633,מ.כ עוטף דרום,מכבי מעלה אדומים,Q4,26,26
741635,אליצור יבנה,מכבי קרית גת,Q1,21,18
741635,אליצור יבנה,מכבי קרית גת,Q2,30,16
741635,אליצור יבנה,מכבי קרית גת,Q3,21,18
741635,אליצור יבנה,מכבי קרית גת,Q4,28,20
741635,מכבי קרית גת,אליצור יבנה,Q1,18,21
741635,מכבי קרית גת,אליצור יבנה,Q2,16,30
741635,מכבי קרית גת,אליצור יבנה,Q3,18,21
741635,מכבי קרית גת,אליצור יבנה,Q4,20,28
741638,מ.ס צפת,"מכבי פ""ת",Q1,14,23
741638,מ.ס צפת,"מכבי פ""ת",Q2,21,28
741638,מ.ס צפת,"מכבי פ""ת",Q3,13,22
741638,מ.ס צפת,"מכבי פ""ת",Q4,28,24
741638,"מכבי פ""ת",מ.ס צפת,Q1,23,14
741638,"מכבי פ""ת",מ.ס צפת,Q2,28,21
741638,"מכבי פ""ת",מ.ס צפת,Q3,22,13
741638,"מכבי פ""ת",מ.ס צפת,Q4,24,28
741636,מכבי אשדוד,אליצור שומרון,Q1,29,19
741636,מכבי אשדוד,אליצור שומרון,Q2,31,12
741636,מכבי אשדוד,אליצור שומרון,Q3,29,27
741636,מכבי אשדוד,אליצור שומרון,Q4,23,21
741636,אליצור שומרון,מכבי אשדוד,Q1,19,29
741636,אליצור שומרון,מכבי אשדוד,Q2,12,31
741636,אליצור שומרון,מכבי אשדוד,Q3,27,29
741636,אליצור שומרון,מכבי אשדוד,Q4,21,23
741634,הפועל אסטרל אילת,עירוני נהריה,Q1,23,23
741634,הפועל אסטרל אילת,עירוני נהריה,Q2,24,20
741634,הפועל אסטרל אילת,עירוני נהריה,Q3,13,15
741634,הפועל אסטרל אילת,עירוני נהריה,Q4,24,20
741634,עירוני נהריה,הפועל אסטרל אילת,Q1,23,23
741634,עירוני נהריה,הפועל אסטרל אילת,Q2,20,24
741634,עירוני נהריה,הפועל אסטרל אילת,Q3,15,13
741634,עירוני נהריה,הפועל אסטרל אילת,Q4,20,24
741618,מכבי מעלה אדומים,מכבי קרית גת,Q1,24,15
741618,מכבי מעלה אדומים,מכבי קרית גת,Q2,15,16
741618,מכבי מעלה אדומים,מכבי קרית גת,Q3,21,14
741618,מכבי מעלה אדומים,מכבי קרית גת,Q4,21,21
741618,מכבי קרית גת,מכבי מעלה אדומים,Q1,15,24
741618,מכבי קרית גת,מכבי מעלה אדומים,Q2,16,15
741618,מכבי קרית גת,מכבי מעלה אדומים,Q3,14,21
741618,מכבי קרית גת,מכבי מעלה אדומים,Q4,21,21
741632,הפועל נווה שאנן חיפה,"א.ס רמה""ש ירק השדה",Q1,21,20
741632,הפועל נווה שאנן חיפה,"א.ס רמה""ש ירק השדה",Q2,18,15
741632,הפועל נווה שאנן חיפה,"א.ס רמה""ש ירק השדה",Q3,37,17
741632,הפועל נווה שאנן חיפה,"א.ס רמה""ש ירק השדה",Q4,17,25
741632,"א.ס רמה""ש ירק השדה",הפועל נווה שאנן חיפה,Q1,20,21
741632,"א.ס רמה""ש ירק השדה",הפועל נווה שאנן חיפה,Q2,15,18
741632,"א.ס רמה""ש ירק השדה",הפועל נווה שאנן חיפה,Q3,17,37
741632,"א.ס רמה""ש ירק השדה",הפועל נווה שאנן חיפה,Q4,25,17
741645,אליצור שומרון,הפועל מגדל העמק/יזרעאל,Q1,17,19
741645,אליצור שומרון,הפועל מגדל העמק/יזרעאל,Q2,16,9
741645,אליצור שומרון,הפועל מגדל העמק/יזרעאל,Q3,27,16
741645,אליצור שומרון,הפועל מגדל העמק/יזרעאל,Q4,24,33
741645,הפועל מגדל העמק/יזרעאל,אליצור שומרון,Q1,19,17
741645,הפועל מגדל העמק/יזרעאל,אליצור שומרון,Q2,9,16
741645,הפועל מגדל העמק/יזרעאל,אליצור שומרון,Q3,16,27
741645,הפועל מגדל העמק/יזרעאל,אליצור שומרון,Q4,33,24
741644,מכבי רחובות,מ.ס צפת,Q1,29,19
741644,מכבי רחובות,מ.ס צפת,Q2,21,16
741644,מכבי רחובות,מ.ס צפת,Q3,24,24
741644,מכבי רחובות,מ.ס צפת,Q4,27,11
741644,מ.ס צפת,מכבי רחובות,Q1,19,29
741644,מ.ס צפת,מכבי רחובות,Q2,16,21
741644,מ.ס צפת,מכבי רחובות,Q3,24,24
741644,מ.ס צפת,מכבי רחובות,Q4,11,27
741640,עירוני נהריה,אליצור יבנה,Q1,16,26
741640,עירוני נהריה,אליצור יבנה,Q2,19,20
741640,עירוני נהריה,אליצור יבנה,Q3,31,17
741640,עירוני נהריה,אליצור יבנה,Q4,32,21
741640,אליצור יבנה,עירוני נהריה,Q1,26,16
741640,אליצור יבנה,עירוני נהריה,Q2,20,19
741640,אליצור יבנה,עירוני נהריה,Q3,17,31
741640,אליצור יבנה,עירוני נהריה,Q4,21,32
741642,הפועל נווה שאנן חיפה,מכבי מעלה אדומים,Q1,20,18
741642,הפועל נווה שאנן חיפה,מכבי מעלה אדומים,Q2,31,19
741642,הפועל נווה שאנן חיפה,מכבי מעלה אדומים,Q3,13,23
741642,הפועל נווה שאנן חיפה,מכבי מעלה אדומים,Q4,29,23
741642,מכבי מעלה אדומים,הפועל נווה שאנן חיפה,Q1,18,20
741642,מכבי מעלה אדומים,הפועל נווה שאנן חיפה,Q2,19,31
741642,מכבי מעלה אדומים,הפועל נווה שאנן חיפה,Q3,23,13
741642,מכבי מעלה אדומים,הפועל נווה שאנן חיפה,Q4,23,29
741643,"מכבי פ""ת",א.ס. עירוני אשקלון,Q1,15,23
741643,"מכבי פ""ת",א.ס. עירוני אשקלון,Q2,18,22
741643,"מכבי פ""ת",א.ס. עירוני אשקלון,Q3,9,12
741643,"מכבי פ""ת",א.ס. עירוני אשקלון,Q4,15,16
741643,א.ס. עירוני אשקלון,"מכבי פ""ת",Q1,23,15
741643,א.ס. עירוני אשקלון,"מכבי פ""ת",Q2,22,18
741643,א.ס. עירוני אשקלון,"מכבי פ""ת",Q3,12,9
741643,א.ס. עירוני אשקלון,"מכבי פ""ת",Q4,16,15
741647,"א.ס רמה""ש ירק השדה",מכבי חיפה גיא נתן,Q1,18,22
741647,"א.ס רמה""ש ירק השדה",מכבי חיפה גיא נתן,Q2,30,18
741647,"א.ס רמה""ש ירק השדה",מכבי חיפה גיא נתן,Q3,13,24
741647,"א.ס רמה""ש ירק השדה",מכבי חיפה גיא נתן,Q4,24,17
741647,מכבי חיפה גיא נתן,"א.ס רמה""ש ירק השדה",Q1,22,18
741647,מכבי חיפה גיא נתן,"א.ס רמה""ש ירק השדה",Q2,18,30
741647,מכבי חיפה גיא נתן,"א.ס רמה""ש ירק השדה",Q3,24,13
741647,מכבי חיפה גיא נתן,"א.ס רמה""ש ירק השדה",Q4,17,24
741646,מכבי קרית גת,מכבי אשדוד,Q1,14,29
741646,מכבי קרית גת,מכבי אשדוד,Q2,16,27
741646,מכבי קרית גת,מכבי אשדוד,Q3,27,33
741646,מכבי קרית גת,מכבי אשדוד,Q4,22,20
741646,מכבי אשדוד,מכבי קרית גת,Q1,29,14
741646,מכבי אשדוד,מכבי קרית גת,Q2,27,16
741646,מכבי אשדוד,מכבי קרית גת,Q3,33,27
741646,מכבי אשדוד,מכבי קרית גת,Q4,20,22
741641,מ.כ עוטף דרום,הפועל אסטרל אילת,Q1,22,15
741641,מ.כ עוטף דרום,הפועל אסטרל אילת,Q2,14,25
741641,מ.כ עוטף דרום,הפועל אסטרל אילת,Q3,18,27
741641,מ.כ עוטף דרום,הפועל אסטרל אילת,Q4,20,15
741641,הפועל אסטרל אילת,מ.כ עוטף דרום,Q1,15,22
741641,הפועל אסטרל אילת,מ.כ עוטף דרום,Q2,25,14
741641,הפועל אסטרל אילת,מ.כ עוטף דרום,Q3,27,18
741641,הפועל אסטרל אילת,מ.כ עוטף דרום,Q4,15,20
741654,א.ס. עירוני אשקלון,מכבי רחובות,Q1,15,26
741654,א.ס. עירוני אשקלון,מכבי רחובות,Q2,16,21
741654,א.ס. עירוני אשקלון,מכבי רחובות,Q3,18,14
741654,א.ס. עירוני אשקלון,מכבי רחובות,Q4,26,21
741654,מכבי רחובות,א.ס. עירוני אשקלון,Q1,26,15
741654,מכבי רחובות,א.ס. עירוני אשקלון,Q2,21,16
741654,מכבי רחובות,א.ס. עירוני אשקלון,Q3,14,18
741654,מכבי רחובות,א.ס. עירוני אשקלון,Q4,21,26
741649,הפועל אסטרל אילת,הפועל נווה שאנן חיפה,Q1,22,19
741649,הפועל אסטרל אילת,הפועל נווה שאנן חיפה,Q2,25,23
741649,הפועל אסטרל אילת,הפועל נווה שאנן חיפה,Q3,18,20
741649,הפועל אסטרל אילת,הפועל נווה שאנן חיפה,Q4,22,29
741649,הפועל נווה שאנן חיפה,הפועל אסטרל אילת,Q1,19,22
741649,הפועל נווה שאנן חיפה,הפועל אסטרל אילת,Q2,23,25
741649,הפועל נווה שאנן חיפה,הפועל אסטרל אילת,Q3,20,18
741649,הפועל נווה שאנן חיפה,הפועל אסטרל אילת,Q4,29,22
741655,מכבי חיפה גיא נתן,"מכבי פ""ת",Q1,20,20
741655,מכבי חיפה גיא נתן,"מכבי פ""ת",Q2,17,35
741655,מכבי חיפה גיא נתן,"מכבי פ""ת",Q3,11,19
741655,מכבי חיפה גיא נתן,"מכבי פ""ת",Q4,22,11
741655,"מכבי פ""ת",מכבי חיפה גיא נתן,Q1,20,20
741655,"מכבי פ""ת",מכבי חיפה גיא נתן,Q2,35,17
741655,"מכבי פ""ת",מכבי חיפה גיא נתן,Q3,19,11
741655,"מכבי פ""ת",מכבי חיפה גיא נתן,Q4,11,22
741652,הפועל מגדל העמק/יזרעאל,מכבי קרית גת,Q1,25,27
741652,הפועל מגדל העמק/יזרעאל,מכבי קרית גת,Q2,21,17
741652,הפועל מגדל העמק/יזרעאל,מכבי קרית גת,Q3,18,20
741652,הפועל מגדל העמק/יזרעאל,מכבי קרית גת,Q4,15,23
741652,מכבי קרית גת,הפועל מגדל העמק/יזרעאל,Q1,27,25
741652,מכבי קרית גת,הפועל מגדל העמק/יזרעאל,Q2,17,21
741652,מכבי קרית גת,הפועל מגדל העמק/יזרעאל,Q3,20,18
741652,מכבי קרית גת,הפועל מגדל העמק/יזרעאל,Q4,23,15
741651,מכבי אשדוד,עירוני נהריה,Q1,19,23
741651,מכבי אשדוד,עירוני נהריה,Q2,20,13
741651,מכבי אשדוד,עירוני נהריה,Q3,17,26
741651,מכבי אשדוד,עירוני נהריה,Q4,25,29
741651,עירוני נהריה,מכבי אשדוד,Q1,23,19
741651,עירוני נהריה,מכבי אשדוד,Q2,13,20
741651,עירוני נהריה,מכבי אשדוד,Q3,26,17
741651,עירוני נהריה,מכבי אשדוד,Q4,29,25
741650,אליצור יבנה,מ.כ עוטף דרום,Q1,20,30
741650,אליצור יבנה,מ.כ עוטף דרום,Q2,22,24
741650,אליצור יבנה,מ.כ עוטף דרום,Q3,19,25
741650,אליצור יבנה,מ.כ עוטף דרום,Q4,21,17
741650,מ.כ עוטף דרום,אליצור יבנה,Q1,30,20
741650,מ.כ עוטף דרום,אליצור יבנה,Q2,24,22
741650,מ.כ עוטף דרום,אליצור יבנה,Q3,25,19
741650,מ.כ עוטף דרום,אליצור יבנה,Q4,17,21
741648,מכבי מעלה אדומים,"א.ס רמה""ש ירק השדה",Q1,7,24
741648,מכבי מעלה אדומים,"א.ס רמה""ש ירק השדה",Q2,20,23
741648,מכבי מעלה אדומים,"א.ס רמה""ש ירק השדה",Q3,20,30
741648,מכבי מעלה אדומים,"א.ס רמה""ש ירק השדה",Q4,17,15
741648,"א.ס רמה""ש ירק השדה",מכבי מעלה אדומים,Q1,24,7
741648,"א.ס רמה""ש ירק השדה",מכבי מעלה אדומים,Q2,23,20
741648,"א.ס רמה""ש ירק השדה",מכבי מעלה אדומים,Q3,30,20
741648,"א.ס רמה""ש ירק השדה",מכבי מעלה אדומים,Q4,15,17
741653,מ.ס צפת,אליצור שומרון,Q1,25,25
741653,מ.ס צפת,אליצור שומרון,Q2,21,27
741653,מ.ס צפת,אליצור שומרון,Q3,28,26
741653,מ.ס צפת,אליצור שומרון,Q4,24,23
741653,אליצור שומרון,מ.ס צפת,Q1,25,25
741653,אליצור שומרון,מ.ס צפת,Q2,27,21
741653,אליצור שומרון,מ.ס צפת,Q3,26,28
741653,אליצור שומרון,מ.ס צפת,Q4,23,24
741603,מכבי מעלה אדומים,מכבי רחובות,Q1,14,20
741603,מכבי מעלה אדומים,מכבי רחובות,Q2,12,19
741603,מכבי מעלה אדומים,מכבי רחובות,Q3,12,18
741603,מכבי מעלה אדומים,מכבי רחובות,Q4,23,23
741603,מכבי רחובות,מכבי מעלה אדומים,Q1,20,14
741603,מכבי רחובות,מכבי מעלה אדומים,Q2,19,12
741603,מכבי רחובות,מכבי מעלה אדומים,Q3,18,12
741603,מכבי רחובות,מכבי מעלה אדומים,Q4,23,23
741604,הפועל אסטרל אילת,"מכבי פ""ת",Q1,27,15
741604,הפועל אסטרל אילת,"מכבי פ""ת",Q2,21,29
741604,הפועל אסטרל אילת,"מכבי פ""ת",Q3,32,25
741604,הפועל אסטרל אילת,"מכבי פ""ת",Q4,24,20
741604,"מכבי פ""ת",הפועל אסטרל אילת,Q1,15,27
741604,"מכבי פ""ת",הפועל אסטרל אילת,Q2,29,21
741604,"מכבי פ""ת",הפועל אסטרל אילת,Q3,25,32
741604,"מכבי פ""ת",הפועל אסטרל אילת,Q4,20,24
741662,מכבי קרית גת,מ.ס צפת,Q1,23,21
741662,מכבי קרית גת,מ.ס צפת,Q2,21,14
741662,מכבי קרית גת,מ.ס צפת,Q3,18,23
741662,מכבי קרית גת,מ.ס צפת,Q4,26,16
741662,מ.ס צפת,מכבי קרית גת,Q1,21,23
741662,מ.ס צפת,מכבי קרית גת,Q2,14,21
741662,מ.ס צפת,מכבי קרית גת,Q3,23,18
741662,מ.ס צפת,מכבי קרית גת,Q4,16,26
741658,הפועל נווה שאנן חיפה,אליצור יבנה,Q1,17,27
741658,הפועל נווה שאנן חיפה,אליצור יבנה,Q2,25,25
741658,הפועל נווה שאנן חיפה,אליצור יבנה,Q3,35,26
741658,הפועל נווה שאנן חיפה,אליצור יבנה,Q4,27,25
741658,אליצור יבנה,הפועל נווה שאנן חיפה,Q1,27,17
741658,אליצור יבנה,הפועל נווה שאנן חיפה,Q2,25,25
741658,אליצור יבנה,הפועל נווה שאנן חיפה,Q3,26,35
741658,אליצור יבנה,הפועל נווה שאנן חיפה,Q4,25,27
741661,אליצור שומרון,א.ס. עירוני אשקלון,Q1,21,21
741661,אליצור שומרון,א.ס. עירוני אשקלון,Q2,23,15
741661,אליצור שומרון,א.ס. עירוני אשקלון,Q3,19,19
741661,אליצור שומרון,א.ס. עירוני אשקלון,Q4,22,25
741661,א.ס. עירוני אשקלון,אליצור שומרון,Q1,21,21
741661,א.ס. עירוני אשקלון,אליצור שומרון,Q2,15,23
741661,א.ס. עירוני אשקלון,אליצור שומרון,Q3,19,19
741661,א.ס. עירוני אשקלון,אליצור שומרון,Q4,25,22
741663,"א.ס רמה""ש ירק השדה","מכבי פ""ת",Q1,19,28
741663,"א.ס רמה""ש ירק השדה","מכבי פ""ת",Q2,25,22
741663,"א.ס רמה""ש ירק השדה","מכבי פ""ת",Q3,20,8
741663,"א.ס רמה""ש ירק השדה","מכבי פ""ת",Q4,25,23
741663,"מכבי פ""ת","א.ס רמה""ש ירק השדה",Q1,28,19
741663,"מכבי פ""ת","א.ס רמה""ש ירק השדה",Q2,22,25
741663,"מכבי פ""ת","א.ס רמה""ש ירק השדה",Q3,8,20
741663,"מכבי פ""ת","א.ס רמה""ש ירק השדה",Q4,23,25
741656,עירוני נהריה,הפועל מגדל העמק/יזרעאל,Q1,33,21
741656,עירוני נהריה,הפועל מגדל העמק/יזרעאל,Q2,17,22
741656,עירוני נהריה,הפועל מגדל העמק/יזרעאל,Q3,26,23
741656,עירוני נהריה,הפועל מגדל העמק/יזרעאל,Q4,25,22
741656,הפועל מגדל העמק/יזרעאל,עירוני נהריה,Q1,21,33
741656,הפועל מגדל העמק/יזרעאל,עירוני נהריה,Q2,22,17
741656,הפועל מגדל העמק/יזרעאל,עירוני נהריה,Q3,23,26
741656,הפועל מגדל העמק/יזרעאל,עירוני נהריה,Q4,22,25
741660,מכבי רחובות,מכבי גיא נתן חיפה,Q1,21,15
741660,מכבי רחובות,מכבי גיא נתן חיפה,Q2,24,17
741660,מכבי רחובות,מכבי גיא נתן חיפה,Q3,29,24
741660,מכבי רחובות,מכבי גיא נתן חיפה,Q4,21,18
741660,מכבי גיא נתן חיפה,מכבי רחובות,Q1,15,21
741660,מכבי גיא נתן חיפה,מכבי רחובות,Q2,17,24
741660,מכבי גיא נתן חיפה,מכבי רחובות,Q3,24,29
741660,מכבי גיא נתן חיפה,מכבי רחובות,Q4,18,21
741659,מכבי מעלה אדומים,הפועל אסטרל אילת,Q1,17,28
741659,מכבי מעלה אדומים,הפועל אסטרל אילת,Q2,14,22
741659,מכבי מעלה אדומים,הפועל אסטרל אילת,Q3,18,25
741659,מכבי מעלה אדומים,הפועל אסטרל אילת,Q4,13,28
741659,הפועל אסטרל אילת,מכבי מעלה אדומים,Q1,28,17
741659,הפועל אסטרל אילת,מכבי מעלה אדומים,Q2,22,14
741659,הפועל אסטרל אילת,מכבי מעלה אדומים,Q3,25,18
741659,הפועל אסטרל אילת,מכבי מעלה אדומים,Q4,28,13
741657,מ.כ עוטף דרום,מכבי אשדוד,Q1,22,22
741657,מ.כ עוטף דרום,מכבי אשדוד,Q2,23,19
741657,מ.כ עוטף דרום,מכבי אשדוד,Q3,15,16
741657,מ.כ עוטף דרום,מכבי אשדוד,Q4,23,23
741657,מכבי אשדוד,מ.כ עוטף דרום,Q1,22,22
741657,מכבי אשדוד,מ.כ עוטף דרום,Q2,19,23
741657,מכבי אשדוד,מ.כ עוטף דרום,Q3,16,15
741657,מכבי אשדוד,מ.כ עוטף דרום,Q4,23,23
741674,הפועל נווה שאנן חיפה,הפועל מגדל העמק/יזרעאל,Q1,33,19
741674,הפועל נווה שאנן חיפה,הפועל מגדל העמק/יזרעאל,Q2,19,18
741674,הפועל נווה שאנן חיפה,הפועל מגדל העמק/יזרעאל,Q3,16,21
741674,הפועל נווה שאנן חיפה,הפועל מגדל העמק/יזרעאל,Q4,20,22
741674,הפועל מגדל העמק/יזרעאל,הפועל נווה שאנן חיפה,Q1,19,33
741674,הפועל מגדל העמק/יזרעאל,הפועל נווה שאנן חיפה,Q2,18,19
741674,הפועל מגדל העמק/יזרעאל,הפועל נווה שאנן חיפה,Q3,21,16
741674,הפועל מגדל העמק/יזרעאל,הפועל נווה שאנן חיפה,Q4,22,20
741670,מכבי גיא נתן חיפה,אליצור שומרון,Q1,12,24
741670,מכבי גיא נתן חיפה,אליצור שומרון,Q2,24,23
741670,מכבי גיא נתן חיפה,אליצור שומרון,Q3,22,20
741670,מכבי גיא נתן חיפה,אליצור שומרון,Q4,24,18
741670,אליצור שומרון,מכבי גיא נתן חיפה,Q1,24,12
741670,אליצור שומרון,מכבי גיא נתן חיפה,Q2,23,24
741670,אליצור שומרון,מכבי גיא נתן חיפה,Q3,20,22
741670,אליצור שומרון,מכבי גיא נתן חיפה,Q4,18,24
741669,א.ס. עירוני אשקלון,מכבי קרית גת,Q1,13,14
741669,א.ס. עירוני אשקלון,מכבי קרית גת,Q2,26,34
741669,א.ס. עירוני אשקלון,מכבי קרית גת,Q3,29,15
741669,א.ס. עירוני אשקלון,מכבי קרית גת,Q4,18,19
741669,מכבי קרית גת,א.ס. עירוני אשקלון,Q1,14,13
741669,מכבי קרית גת,א.ס. עירוני אשקלון,Q2,34,26
741669,מכבי קרית גת,א.ס. עירוני אשקלון,Q3,15,29
741669,מכבי קרית גת,א.ס. עירוני אשקלון,Q4,19,18
741664,הפועל אסטרל אילת,"א.ס רמה""ש ירק השדה",Q1,26,22
741664,הפועל אסטרל אילת,"א.ס רמה""ש ירק השדה",Q2,17,13
741664,הפועל אסטרל אילת,"א.ס רמה""ש ירק השדה",Q3,20,21
741664,הפועל אסטרל אילת,"א.ס רמה""ש ירק השדה",Q4,20,16
741664,"א.ס רמה""ש ירק השדה",הפועל אסטרל אילת,Q1,22,26
741664,"א.ס רמה""ש ירק השדה",הפועל אסטרל אילת,Q2,13,17
741664,"א.ס רמה""ש ירק השדה",הפועל אסטרל אילת,Q3,21,20
741664,"א.ס רמה""ש ירק השדה",הפועל אסטרל אילת,Q4,16,20
741665,אליצור יבנה,מכבי מעלה אדומים,Q1,27,21
741665,אליצור יבנה,מכבי מעלה אדומים,Q2,20,22
741665,אליצור יבנה,מכבי מעלה אדומים,Q3,22,18
741665,אליצור יבנה,מכבי מעלה אדומים,Q4,13,15
741665,מכבי מעלה אדומים,אליצור יבנה,Q1,21,27
741665,מכבי מעלה אדומים,אליצור יבנה,Q2,22,20
741665,מכבי מעלה אדומים,אליצור יבנה,Q3,18,22
741665,מכבי מעלה אדומים,אליצור יבנה,Q4,15,13
741666,מכבי אשדוד,הפועל חיפה נווה שאנן שובל,Q1,30,16
741666,מכבי אשדוד,הפועל חיפה נווה שאנן שובל,Q2,29,30
741666,מכבי אשדוד,הפועל חיפה נווה שאנן שובל,Q3,19,15
741666,מכבי אשדוד,הפועל חיפה נווה שאנן שובל,Q4,18,15
741666,הפועל חיפה נווה שאנן שובל,מכבי אשדוד,Q1,16,30
741666,הפועל חיפה נווה שאנן שובל,מכבי אשדוד,Q2,30,29
741666,הפועל חיפה נווה שאנן שובל,מכבי אשדוד,Q3,15,19
741666,הפועל חיפה נווה שאנן שובל,מכבי אשדוד,Q4,15,18
741671,"מכבי פ""ת",מכבי רחובות,Q1,14,22
741671,"מכבי פ""ת",מכבי רחובות,Q2,10,28
741671,"מכבי פ""ת",מכבי רחובות,Q3,13,22
741671,"מכבי פ""ת",מכבי רחובות,Q4,23,25
741671,מכבי רחובות,"מכבי פ""ת",Q1,22,14
741671,מכבי רחובות,"מכבי פ""ת",Q2,28,10
741671,מכבי רחובות,"מכבי פ""ת",Q3,22,13
741671,מכבי רחובות,"מכבי פ""ת",Q4,25,23
741668,מ.ס צפת,עירוני נהריה,Q1,20,20
741668,מ.ס צפת,עירוני נהריה,Q2,20,26
741668,מ.ס צפת,עירוני נהריה,Q3,19,19
741668,מ.ס צפת,עירוני נהריה,Q4,15,24
741668,עירוני נהריה,מ.ס צפת,Q1,20,20
741668,עירוני נהריה,מ.ס צפת,Q2,26,20
741668,עירוני נהריה,מ.ס צפת,Q3,19,19
741668,עירוני נהריה,מ.ס צפת,Q4,24,15
741667,הפועל מגדל העמק/יזרעאל,מ.כ עוטף דרום,Q1,23,27
741667,הפועל מגדל העמק/יזרעאל,מ.כ עוטף דרום,Q2,10,22
741667,הפועל מגדל העמק/יזרעאל,מ.כ עוטף דרום,Q3,19,19
741667,הפועל מגדל העמק/יזרעאל,מ.כ עוטף דרום,Q4,33,24
741667,מ.כ עוטף דרום,הפועל מגדל העמק/יזרעאל,Q1,27,23
741667,מ.כ עוטף דרום,הפועל מגדל העמק/יזרעאל,Q2,22,10
741667,מ.כ עוטף דרום,הפועל מגדל העמק/יזרעאל,Q3,19,19
741667,מ.כ עוטף דרום,הפועל מגדל העמק/יזרעאל,Q4,24,33
