game_id,team,number,player_name,player_url,starter,min,pts,2ptm,2pta,2pt_pct,3ptm,3pta,3pt_pct,fgm,fga,fg_pct,ftm,fta,ft_pct,def,off,reb,pf,pfa,stl,to,ast,blk,blka,rate
741605,אליצור יבנה,24,יאן מרטינז,https://ibasketball.co.il/player/1068e61a47ee98a1-79357395/,1,35,29,9,12,75.0,1,7,14.3,10,19,52.6,8,9,88.9,10,1,11,2,7,0,4,4,0,0,35
741605,אליצור יבנה,14,סי ג'יי ווקר,https://ibasketball.co.il/player/1768e5714ec9f782-04145883/,1,32,33,10,19,52.6,1,2,50.0,11,21,52.4,10,12,83.3,3,4,7,3,9,1,1,1,2,0,37
741605,אליצור יבנה,8,אור פורר,https://ibasketball.co.il/player/2868e2ebde2b7685-69778621/,1,30,4,2,8,25.0,0,2,0.0,2,10,20.0,0,1,0.0,8,3,11,3,4,0,2,6,0,1,10
741605,אליצור יבנה,2,עוז חולי,https://ibasketball.co.il/player/3568e2f29f5acd44-95053240/,1,29,11,3,4,75.0,1,4,25.0,4,8,50.0,2,5,40.0,0,0,0,0,2,1,1,2,0,0,8
741605,אליצור יבנה,4,שגיב דוד,https://ibasketball.co.il/player/2168e2e98f3d2007-62723986/,1,27,1,0,0,0.0,0,2,0.0,0,2,0.0,1,2,50.0,4,1,5,2,2,2,0,6,1,0,12
741605,אליצור יבנה,11,אורי חי,https://ibasketball.co.il/player/2368e2ea2325ff23-20667332/,0,16,4,0,1,0.0,1,1,100.0,1,2,50.0,1,3,33.3,2,0,2,2,1,1,0,0,1,0,4
741605,אליצור יבנה,12,עומר אל על,https://ibasketball.co.il/player/2568e621884bde60-26421186/,0,12,4,2,2,100.0,0,2,0.0,2,4,50.0,0,0,0.0,1,1,2,2,0,1,2,2,0,0,3
741605,אליצור יבנה,23,עידן אברהם,https://ibasketball.co.il/player/2568e2eb010b8c15-22185047/,0,11,1,0,2,0.0,0,0,0.0,0,2,0.0,1,2,50.0,4,1,5,3,1,0,0,1,3,0,5
741605,אליצור יבנה,18,יהלי שושן,https://ibasketball.co.il/player/3068e2f384910938-32723874/,0,3,0,0,0,0.0,0,0,0.0,0,0,0.0,0,0,0.0,1,0,1,3,0,1,0,1,0,0,0
741605,אליצור יבנה,10,דניאל גריידי,https://ibasketball.co.il/player/2968e2ebd69c5495-30379010/,0,3,0,0,0,0.0,0,0,0.0,0,0,0.0,0,0,0.0,0,0,0,0,0,0,0,0,0,0,0
741605,מכבי חיפה גיא נתן,17,נאור שרון,https://ibasketball.co.il/player/3068e2f20b591e42-53923850/,1,33,4,1,5,20.0,0,4,0.0,1,9,11.1,2,2,100.0,5,0,5,1,4,0,3,10,0,0,11
741605,מכבי חיפה גיא נתן,66,ג'יילן לאמאר הרפר,https://ibasketball.co.il/player/1768e6368cd666a2-25096332/,1,26,15,2,9,22.2,1,8,12.5,3,17,17.6,8,12,66.7,3,0,3,4,6,0,0,2,0,1,3
741605,מכבי חיפה גיא נתן,3,אילון ששון,https://ibasketball.co.il/player/2468e62877160606-31040612/,1,26,6,2,4,50.0,0,0,0.0,2,4,50.0,2,2,100.0,4,5,9,5,3,1,2,1,0,1,10
741605,מכבי חיפה גיא נתן,77,אביתר מור יוסף,https://ibasketball.co.il/player/3068e2f28c1c9a77-10860224/,1,22,7,2,3,66.7,1,7,14.3,3,10,30.0,0,0,0.0,0,0,0,2,0,2,0,1,0,0,1
741605,מכבי חיפה גיא נתן,41,קורן משה,https://ibasketball.co.il/player/3968e621b84bda88-47612990/,1,7,8,4,7,57.1,0,0,0.0,4,7,57.1,0,0,0.0,1,1,2,2,0,0,0,1,0,1,5
741605,מכבי חיפה גיא נתן,12,ג'וש פרידקין,https://ibasketball.co.il/player/2468e62897a01bc8-88222391/,0,22,8,0,0,0.0,2,3,66.7,2,3,66.7,2,2,100.0,1,0,1,4,2,0,0,2,0,0,8
741605,מכבי חיפה גיא נתן,13,נווה מינץ,https://ibasketball.co.il/player/3968e2f3186cb0c0-91224949/,0,20,8,4,9,44.4,0,0,0.0,4,9,44.4,0,0,0.0,8,3,11,1,1,1,0,0,1,2,14
741605,מכבי חיפה גיא נתן,99,ג'וש פרייס,https://ibasketball.co.il/player/1168e6368b5891e8-90019427/,0,17,17,5,8,62.5,1,2,50.0,6,10,60.0,4,6,66.7,4,2,6,4,4,0,2,2,0,1,16
741605,מכבי חיפה גיא נתן,18,יוגב עובדיה,https://ibasketball.co.il/player/2868e2eae467a8f7-32099625/,0,12,0,0,2,0.0,0,2,0.0,0,4,0.0,0,0,0.0,1,0,1,1,0,0,1,1,0,0,-4
741605,מכבי חיפה גיא נתן,7,רזיאל חיון,https://ibasketball.co.il/player/3268e2f295ebe833-79802206/,0,9,3,0,1,0.0,1,3,33.3,1,4,25.0,0,0,0.0,2,1,3,2,0,0,1,1,0,1,0
741605,מכבי חיפה גיא נתן,9,אלון ראכלין,https://ibasketball.co.il/player/2568e6287c0acb17-53913985/,0,4,0,0,1,0.0,0,0,0.0,0,1,0.0,0,0,0.0,0,0,0,0,0,0,0,0,0,0,-1
741602,הפועל נווה שאנן חיפה,11,אקסבייר ג'ונסון,https://ibasketball.co.il/player/1068e2e981991b54-60642589/,1,37,20,3,9,33.3,3,6,50.0,6,15,40.0,5,8,62.5,9,5,14,5,6,5,1,1,0,0,28
741602,הפועל נווה שאנן חיפה,1,וסלי האריס,https://ibasketball.co.il/player/1168e2e981c59193-05705415/,1,35,12,3,9,33.3,0,4,0.0,3,13,23.1,6,8,75.0,5,4,9,3,6,0,2,6,0,1,14
741602,הפועל נווה שאנן חיפה,5,דניאל רוזנבאום,https://ibasketball.co.il/player/3368e2f41de49540-20044646/,1,34,14,3,4,75.0,1,6,16.7,4,10,40.0,5,5,100.0,3,1,4,3,3,4,1,2,0,0,17
741602,הפועל נווה שאנן חיפה,83,עידו רוימי,https://ibasketball.co.il/player/3568e37e794b4225-31934680/,1,30,12,0,1,0.0,3,7,42.9,3,8,37.5,3,4,75.0,4,0,4,2,2,2,2,1,0,1,10
741602,הפועל נווה שאנן חיפה,36,דנאל כוזהינוף,https://ibasketball.co.il/player/3268e37e72e06e03-10344208/,1,25,8,1,3,33.3,2,8,25.0,3,11,27.3,0,0,0.0,2,1,3,3,1,1,1,3,0,1,3
741602,הפועל נווה שאנן חיפה,10,שוהם גת,https://ibasketball.co.il/player/3568e2f2c58c43a2-96516247/,0,24,13,1,2,50.0,3,8,37.5,4,10,40.0,2,2,100.0,1,0,1,2,3,0,0,3,0,0,12
741602,הפועל נווה שאנן חיפה,13,רותם לוינשטיין,https://ibasketball.co.il/player/3668e37e6d9b07d6-25896775/,0,10,0,0,0,0.0,0,2,0.0,0,2,0.0,0,0,0.0,0,1,1,2,1,1,0,0,0,0,-1
741602,הפועל נווה שאנן חיפה,14,גיא חמו,https://ibasketball.co.il/player/2068e621937f9866-56286085/,0,6,0,0,1,0.0,0,1,0.0,0,2,0.0,0,0,0.0,0,0,0,0,0,1,1,0,0,0,-2
741602,אליצור שומרון,2,דימיטריוס טרידוול,https://ibasketball.co.il/player/1168e5714c7c4286-08543766/,1,35,13,6,9,66.7,0,0,0.0,6,9,66.7,1,5,20.0,8,2,10,3,7,1,0,1,0,0,21
741602,אליצור שומרון,24,וינס קול,https://ibasketball.co.il/player/1568e5714e15f020-02821988/,1,32,19,5,9,55.6,2,5,40.0,7,14,50.0,3,4,75.0,4,0,4,3,4,1,3,2,1,0,17
741602,אליצור שומרון,69,מתן חכמו,https://ibasketball.co.il/player/3668e2f2f6177063-83838712/,1,27,8,4,6,66.7,0,1,0.0,4,7,57.1,0,2,0.0,4,0,4,5,1,1,5,4,0,0,3
741602,אליצור שומרון,7,רועי בכר,https://ibasketball.co.il/player/2768e2eaace00839-92365913/,1,25,14,1,2,50.0,4,6,66.7,5,8,62.5,0,0,0.0,2,1,3,5,2,0,0,0,0,0,11
741602,אליצור שומרון,9,יונתן מור,https://ibasketball.co.il/player/3568e5715b174c48-46240358/,1,23,2,1,2,50.0,0,4,0.0,1,6,16.7,0,0,0.0,5,0,5,1,0,0,5,3,1,0,0
741602,אליצור שומרון,28,פול דלייני,https://ibasketball.co.il/player/3068e2faae670f52-61490098/,0,26,18,5,5,100.0,1,1,100.0,6,6,100.0,5,5,100.0,3,0,3,3,4,0,4,2,1,0,21
741602,אליצור שומרון,14,יונתן אבולוף,https://ibasketball.co.il/player/3768e2f3787d17d6-27551840/,0,20,0,0,1,0.0,0,1,0.0,0,2,0.0,0,0,0.0,3,0,3,2,0,1,0,3,0,0,3
741602,אליצור שומרון,5,עומר דרגושנסקי,https://ibasketball.co.il/player/2368e2eba1a9d402-45902432/,0,6,0,0,0,0.0,0,1,0.0,0,1,0.0,0,0,0.0,0,0,0,1,1,0,1,0,0,0,-2
741602,אליצור שומרון,20,שון דליד,https://ibasketball.co.il/player/2468e60c9c3800d9-42461614/,0,4,0,0,0,0.0,0,0,0.0,0,0,0.0,0,0,0.0,0,0,0,0,0,0,0,0,0,0,0
741606,מכבי אשדוד,3,רוברט יוג'ין טרנר,https://ibasketball.co.il/player/1868e2e981104886-67041721/,1,39,26,7,11,63.6,4,10,40.0,11,21,52.4,0,0,0.0,3,1,4,2,3,3,2,10,0,0,32
741606,מכבי אשדוד,77,דוויט אלן ווילסון,https://ibasketball.co.il/player/1768e2e980d85ba2-74504296/,1,35,24,10,14,71.4,0,0,0.0,10,14,71.4,4,7,57.1,14,4,18,2,7,0,2,1,2,1,40
741606,מכבי אשדוד,9,עמית ראובן,https://ibasketball.co.il/player/2168e2ea30911db5-60237101/,1,32,15,3,6,50.0,3,4,75.0,6,10,60.0,0,0,0.0,2,0,2,3,1,2,4,3,0,0,12
741606,מכבי אשדוד,6,אמרי שביט,https://ibasketball.co.il/player/2468e2ce5ff225a1-49644880/,1,26,13,5,5,100.0,0,0,0.0,5,5,100.0,3,3,100.0,4,1,5,4,4,1,3,3,0,0,19
741606,מכבי אשדוד,32,בן קלהון גולד,https://ibasketball.co.il/player/3068e2fac3101e73-79635056/,1,15,4,2,3,66.7,0,4,0.0,2,7,28.6,0,0,0.0,0,2,2,4,0,0,1,1,2,0,-1
741606,מכבי אשדוד,4,שחר שלמון,https://ibasketball.co.il/player/2968e55c39d2d322-59282847/,0,27,6,0,1,0.0,2,7,28.6,2,8,25.0,0,0,0.0,1,1,2,2,0,1,0,1,0,0,2
741606,מכבי אשדוד,26,מתן בן אקן,https://ibasketball.co.il/player/3568e6289ed311d7-80055971/,0,9,0,0,0,0.0,0,2,0.0,0,2,0.0,0,0,0.0,0,0,0,0,0,0,0,0,0,0,-2
741606,מכבי אשדוד,21,נועם יעקובי,https://ibasketball.co.il/player/2368e2eb5e6ceae8-66713619/,0,9,0,0,1,0.0,0,0,0.0,0,1,0.0,0,0,0.0,0,0,0,0,3,0,1,1,0,0,2
741606,מכבי אשדוד,7,רביב פיטשון,https://ibasketball.co.il/player/2168e2ea00c18722-42268607/,0,5,2,1,1,100.0,0,0,0.0,1,1,100.0,0,0,0.0,1,1,2,2,0,0,1,3,0,0,4
741606,מכבי אשדוד,11,בר שינבוים,https://ibasketball.co.il/player/3968e57f62348fc6-71176739/,0,2,2,1,1,100.0,0,0,0.0,1,1,100.0,0,0,0.0,0,0,0,0,0,0,0,1,0,0,3
741606,א.ס. עירוני אשקלון,11,אר ג׳יי גלאספר,https://ibasketball.co.il/player/1068e62861e19b96-59244675/,1,39,20,4,13,30.8,2,8,25.0,6,21,28.6,6,6,100.0,4,0,4,2,5,1,1,7,0,0,19
741606,א.ס. עירוני אשקלון,73,עוז לביא,https://ibasketball.co.il/player/2268e7416270f579-75375330/,1,32,20,5,12,41.7,3,5,60.0,8,17,47.1,1,2,50.0,2,5,7,2,3,2,1,0,0,3,16
741606,א.ס. עירוני אשקלון,10,עמית סנקר,https://ibasketball.co.il/player/3468e74168adc2b3-91507618/,1,28,5,1,1,100.0,1,2,50.0,2,3,66.7,0,0,0.0,0,2,2,3,0,0,1,0,0,0,2
741606,א.ס. עירוני אשקלון,8,עידו פליישר,https://ibasketball.co.il/player/2768e7415fb3c0b7-44411193/,1,20,4,2,7,28.6,0,0,0.0,2,7,28.6,0,0,0.0,2,4,6,2,1,1,1,0,0,0,4
741606,א.ס. עירוני אשקלון,20,רון יצחק כהן,https://ibasketball.co.il/player/3768e628a004a326-50368507/,1,20,5,1,1,100.0,0,3,0.0,1,4,25.0,3,3,100.0,1,2,3,4,2,2,3,4,0,0,6
741606,א.ס. עירוני אשקלון,6,עומר פולג,https://ibasketball.co.il/player/3568e741662461c8-23586071/,0,30,14,3,9,33.3,2,3,66.7,5,12,41.7,2,2,100.0,7,0,7,3,5,1,2,6,0,0,21
741606,א.ס. עירוני אשקלון,5,ברנדון באומן,https://ibasketball.co.il/player/3668e7416b0a96a3-44052223/,0,25,15,2,7,28.6,3,4,75.0,5,11,45.5,2,4,50.0,1,6,7,2,3,0,3,0,1,1,12
741606,א.ס. עירוני אשקלון,4,אריאל ניסים גאן,https://ibasketball.co.il/player/2468e60ca92a3314-90385661/,0,5,2,1,1,100.0,0,2,0.0,1,3,33.3,0,0,0.0,0,0,0,0,0,0,0,0,0,0,0
741606,א.ס. עירוני אשקלון,13,אביב קוקוטק,https://ibasketball.co.il/player/3568e628a81a6786-40003303/,0,2,3,0,0,0.0,1,1,100.0,1,1,100.0,0,0,0.0,0,0,0,0,0,0,0,0,0,0,3
741607,הפועל מגדל העמק/יזרעאל,13,ברנדון אדוארדס,https://ibasketball.co.il/player/1168e37e46f23c65-08996965/,1,35,17,5,8,62.5,2,6,33.3,7,14,50.0,1,2,50.0,6,5,11,4,2,1,1,1,0,0,19
741607,הפועל מגדל העמק/יזרעאל,1,דשון בורק,https://ibasketball.co.il/player/1268e37e4644bba2-72474000/,1,31,17,5,10,50.0,1,3,33.3,6,13,46.2,4,4,100.0,4,0,4,2,5,1,2,9,1,0,26
741607,הפועל מגדל העמק/יזרעאל,14,אביב שמעוני,https://ibasketball.co.il/player/3268e37e68f030f6-63975223/,1,27,11,1,3,33.3,3,7,42.9,4,10,40.0,0,0,0.0,2,0,2,3,1,0,2,5,1,0,9
741607,הפועל מגדל העמק/יזרעאל,7,יהל פלג,https://ibasketball.co.il/player/2968e37e52dc3dc0-65218973/,1,25,12,2,7,28.6,2,4,50.0,4,11,36.4,2,5,40.0,4,0,4,2,3,2,2,4,0,1,10
741607,הפועל מגדל העמק/יזרעאל,9,ניתאי רוזנברג,https://ibasketball.co.il/player/2568e37e4ca5d422-80982472/,1,16,3,0,1,0.0,1,1,100.0,1,2,50.0,0,0,0.0,0,1,1,3,0,0,1,0,0,0,-1
741607,הפועל מגדל העמק/יזרעאל,24,עידן אלבר,https://ibasketball.co.il/player/2368e37e47b516a5-72212603/,0,22,15,2,4,50.0,3,5,60.0,5,9,55.6,2,4,50.0,1,1,2,1,3,0,0,1,0,0,14
741607,הפועל מגדל העמק/יזרעאל,6,טום סיגטי,https://ibasketball.co.il/player/2968e37e5185d751-73433731/,0,17,5,1,1,100.0,0,0,0.0,1,1,100.0,3,4,75.0,3,0,3,1,2,1,0,3,0,0,12
741607,הפועל מגדל העמק/יזרעאל,19,מקסים פוקסמן,https://ibasketball.co.il/player/3168e57f650021d4-90362065/,0,12,4,2,2,100.0,0,0,0.0,2,2,100.0,0,0,0.0,2,0,2,2,0,2,1,0,0,0,5
741607,הפועל מגדל העמק/יזרעאל,5,ניב למפרט,https://ibasketball.co.il/player/3068e37e7f88fe65-21762758/,0,7,4,2,3,66.7,0,0,0.0,2,3,66.7,0,0,0.0,0,0,0,2,0,0,0,0,0,0,1
741607,הפועל מגדל העמק/יזרעאל,17,אורי עובדיה,https://ibasketball.co.il/player/3268e37e80a8b588-04869197/,0,5,2,0,0,0.0,0,0,0.0,0,0,0.0,2,2,100.0,0,0,0,0,2,0,1,1,0,0,4
741607,הפועל מגדל העמק/יזרעאל,11,יהלי שטיינהאור,https://ibasketball.co.il/player/3868e37e7eb240e6-54207913/,0,3,0,0,0,0.0,0,1,0.0,0,1,0.0,0,0,0.0,1,0,1,0,0,0,0,1,0,0,1
741607,מ.ס צפת,11,ג'ושוע נזאקור,https://ibasketball.co.il/player/1968e8306ae9f7d4-80611872/,1,37,15,5,9,55.6,0,1,0.0,5,10,50.0,5,7,71.4,5,0,5,2,5,0,5,5,0,0,16
741607,מ.ס צפת,15,רז מור,https://ibasketball.co.il/player/2168e8306eb30eb6-62737565/,1,33,10,4,8,50.0,0,4,0.0,4,12,33.3,2,2,100.0,3,1,4,2,5,0,2,7,0,2,12
741607,מ.ס צפת,12,טאז שרמן,https://ibasketball.co.il/player/1668e8306aa8abb2-80365219/,1,32,21,2,5,40.0,5,11,45.5,7,16,43.8,2,3,66.7,0,0,0,1,1,0,1,5,0,0,15
741607,מ.ס צפת,18,דניאל קופרברג,https://ibasketball.co.il/player/3168e83078199e60-56803991/,1,26,11,5,9,55.6,0,0,0.0,5,9,55.6,1,2,50.0,10,1,11,1,4,0,2,4,1,0,23
741607,מ.ס צפת,10,נועם אקריש,https://ibasketball.co.il/player/3968e8307f3af7b9-73186175/,1,24,5,1,1,100.0,1,4,25.0,2,5,40.0,0,0,0.0,3,0,3,3,1,0,2,3,0,0,4
741607,מ.ס צפת,2,יובל בר,https://ibasketball.co.il/player/2468e830721b0d11-73859113/,0,17,7,2,4,50.0,1,2,50.0,3,6,50.0,0,0,0.0,4,2,6,5,3,1,1,1,0,0,9
741607,מ.ס צפת,33,די ג'יי שארפ,https://ibasketball.co.il/player/2668e8306c3f6398-56956288/,0,15,11,0,0,0.0,3,6,50.0,3,6,50.0,2,3,66.7,1,0,1,3,1,0,1,0,0,0,5
741607,מ.ס צפת,4,טל חדד,https://ibasketball.co.il/player/2168e8306b2a63c5-08866178/,0,15,0,0,0,0.0,0,1,0.0,0,1,0.0,0,0,0.0,0,2,2,1,0,1,1,0,0,0,0
741601,מ.כ עוטף דרום,9,עמרי שלף,https://ibasketball.co.il/player/3768e64bc90c27d0-02080766/,1,30,13,0,2,0.0,2,4,50.0,2,6,33.3,7,9,77.8,3,2,5,2,4,1,1,1,0,1,14
741601,מ.כ עוטף דרום,2,ריצ'ארד פאק,https://ibasketball.co.il/player/1068e64b4f121b21-09101304/,1,29,26,7,12,58.3,0,2,0.0,7,14,50.0,12,16,75.0,3,0,3,2,10,0,3,4,0,0,27
741601,מ.כ עוטף דרום,33,עילי שאול,https://ibasketball.co.il/player/2868e652fb6e82d7-68989154/,1,28,14,2,4,50.0,1,4,25.0,3,8,37.5,7,8,87.5,8,0,8,2,4,2,3,6,0,0,23
741601,מ.כ עוטף דרום,5,קינדל היל,https://ibasketball.co.il/player/1768e64b596a01e7-02747964/,1,27,16,5,9,55.6,1,2,50.0,6,11,54.5,3,4,75.0,2,1,3,4,4,1,4,0,1,0,11
741601,מ.כ עוטף דרום,15,יונתן קלר,https://ibasketball.co.il/player/2668e2ec225e0698-20909362/,1,14,0,0,0,0.0,0,1,0.0,0,1,0.0,0,0,0.0,1,1,2,1,1,0,3,2,0,0,0
741601,מ.כ עוטף דרום,16,אוהד דקל,https://ibasketball.co.il/player/2068e64b6f025c09-27766276/,0,19,6,2,2,100.0,0,2,0.0,2,4,50.0,2,3,66.7,3,0,3,0,4,1,0,3,1,0,15
741601,מ.כ עוטף דרום,23,נבו זומרפלד,https://ibasketball.co.il/player/2468e64b72e18547-51650361/,0,18,6,1,1,100.0,1,2,50.0,2,3,66.7,1,2,50.0,2,1,3,4,1,1,0,3,0,0,8
741601,מ.כ עוטף דרום,6,ים שפריר,https://ibasketball.co.il/player/3068e64bc838b157-74776453/,0,16,5,1,1,100.0,1,4,25.0,2,5,40.0,0,0,0.0,2,0,2,3,1,4,0,3,0,0,9
741601,מ.כ עוטף דרום,1,איתם כהן,https://ibasketball.co.il/player/3068e64bcbd7de54-84855282/,0,14,8,2,2,100.0,1,4,25.0,3,6,50.0,1,1,100.0,0,0,0,3,1,1,1,2,0,0,5
741601,מ.כ עוטף דרום,11,מתן שטרייט,https://ibasketball.co.il/player/2968e652fc806281-44418528/,0,4,0,0,0,0.0,0,0,0.0,0,0,0.0,0,0,0.0,0,0,0,1,0,0,0,0,0,0,-1
741601,מכבי קרית גת,3,מייקל גרין,https://ibasketball.co.il/player/1368e2e97a3056d0-48171310/,1,36,23,5,11,45.5,4,11,36.4,9,22,40.9,1,2,50.0,0,0,0,3,8,5,3,4,0,1,19
741601,מכבי קרית גת,33,דיאמונד לואיס סטון,https://ibasketball.co.il/player/1768e2e97b4e1111-39950205/,1,33,15,5,11,45.5,1,4,25.0,6,15,40.0,2,2,100.0,10,2,12,5,2,0,5,0,1,1,10
741601,מכבי קרית גת,1,מקסים רומנוב,https://ibasketball.co.il/player/2568e2eac0af32e2-81660258/,1,32,14,5,7,71.4,0,0,0.0,5,7,71.4,4,5,80.0,7,4,11,4,4,0,5,2,0,0,19
741601,מכבי קרית גת,18,בן אונצ'ה,https://ibasketball.co.il/player/3468e67583764e80-18070618/,1,23,12,3,7,42.9,2,3,66.7,5,10,50.0,0,0,0.0,3,1,4,5,1,1,0,4,0,0,12
741601,מכבי קרית גת,13,מאור נקרשביץ,https://ibasketball.co.il/player/2968e3620f5c3ed8-98939464/,1,12,6,2,2,100.0,0,0,0.0,2,2,100.0,2,3,66.7,1,0,1,3,2,0,1,0,0,0,4
741601,מכבי קרית גת,5,ניב בלול,https://ibasketball.co.il/player/2768e787d1113953-44872619/,0,29,7,2,4,50.0,1,2,50.0,3,6,50.0,0,0,0.0,3,2,5,3,2,0,2,3,0,0,9
741601,מכבי קרית גת,7,עמית שדה,https://ibasketball.co.il/player/2368e2eab76bd1e0-17640180/,0,16,5,1,4,25.0,0,1,0.0,1,5,20.0,3,3,100.0,2,0,2,1,2,1,1,1,0,0,5
741601,מכבי קרית גת,12,זיו מעוז,https://ibasketball.co.il/player/3768e2f2cb305787-51995135/,0,9,0,0,1,0.0,0,1,0.0,0,2,0.0,0,0,0.0,0,1,1,2,0,0,0,0,0,0,-3
741601,מכבי קרית גת,8,אלון דניאלי,https://ibasketball.co.il/player/3868e2f42d9e1257-39997477/,0,6,5,0,0,0.0,1,1,100.0,1,1,100.0,2,2,100.0,0,0,0,4,1,0,0,0,0,0,2
741601,מכבי קרית גת,15,גידי שיפר,https://ibasketball.co.il/player/2168e675787413c7-20505134/,0,3,0,0,0,0.0,0,0,0.0,0,0,0.0,0,0,0.0,0,0,0,0,0,0,0,0,0,0,0
741608,עירוני נהריה,55,מייקל הוליפלד,https://ibasketball.co.il/player/1268ec233a9b56d9-11961290/,1,28,21,10,11,90.9,0,0,0.0,10,11,90.9,1,2,50.0,7,4,11,2,5,1,3,0,1,0,32
741608,עירוני נהריה,22,תומר לוינסון,https://ibasketball.co.il/player/3668ec2d37029897-21406171/,1,27,13,5,10,50.0,1,2,50.0,6,12,50.0,0,2,0.0,9,2,11,2,3,1,1,2,0,1,18
741608,עירוני נהריה,12,יוגב אוחיון,https://ibasketball.co.il/player/3968ec2cd6adbb08-42930935/,1,25,5,1,4,25.0,0,0,0.0,1,4,25.0,3,4,75.0,1,0,1,1,3,4,2,5,0,0,11
741608,עירוני נהריה,77,ראיין טוראל,https://ibasketball.co.il/player/3968ec35929dbfc1-24887716/,1,24,11,3,4,75.0,1,3,33.3,4,7,57.1,2,2,100.0,3,3,6,2,1,1,0,4,0,0,18
741608,עירוני נהריה,4,ברנדון וואטרספון,https://ibasketball.co.il/player/1968ec234e1f6760-24592716/,1,23,14,3,3,100.0,2,5,40.0,5,8,62.5,2,3,66.7,2,1,3,2,2,0,0,4,2,0,19
741608,עירוני נהריה,8,עומר בן דוד,https://ibasketball.co.il/player/3368ec2dd6752dd8-04651829/,0,26,11,4,7,57.1,1,3,33.3,5,10,50.0,0,0,0.0,4,0,4,1,0,1,1,7,0,1,15
741608,עירוני נהריה,18,תומר כהן,https://ibasketball.co.il/player/3468ec238c054e14-88659350/,0,19,10,0,2,0.0,2,2,100.0,2,4,50.0,4,4,100.0,2,0,2,2,3,0,2,1,0,0,10
741608,עירוני נהריה,26,יניר בנימין,https://ibasketball.co.il/player/3968ec2db53012d1-04975137/,0,19,6,0,1,0.0,2,7,28.6,2,8,25.0,0,0,0.0,2,0,2,4,1,2,0,2,0,1,2
741608,עירוני נהריה,10,אורי יאיר,https://ibasketball.co.il/player/2568ec26393418a2-28332809/,0,5,2,1,1,100.0,0,2,0.0,1,3,33.3,0,0,0.0,0,0,0,0,0,0,0,0,0,0,0
741608,עירוני נהריה,35,בר רוטשטיין,https://ibasketball.co.il/player/3068ec2e928c0a19-10413251/,0,3,2,1,1,100.0,0,1,0.0,1,2,50.0,0,0,0.0,0,0,0,2,0,0,0,0,1,0,0
741608,מ.כ עוטף דרום,2,ריקי פאק,https://ibasketball.co.il/player/1068ec23363c75f2-42118429/,1,31,13,1,5,20.0,2,4,50.0,3,9,33.3,5,5,100.0,4,0,4,2,5,2,2,4,0,0,18
741608,מ.כ עוטף דרום,5,קינדל היל,https://ibasketball.co.il/player/1768ec23528ac325-55394936/,1,30,14,2,9,22.2,3,5,60.0,5,14,35.7,1,2,50.0,5,3,8,3,4,1,2,0,1,0,13
741608,מ.כ עוטף דרום,33,עילי שאול,https://ibasketball.co.il/player/2868ec2511e5e055-55597225/,1,26,2,1,5,20.0,0,4,0.0,1,9,11.1,0,0,0.0,1,1,2,0,0,1,2,4,0,3,-4
741608,מ.כ עוטף דרום,9,עמרי שלף,https://ibasketball.co.il/player/3768ec2ea0531cb5-91860898/,1,20,3,0,0,0.0,1,3,33.3,1,3,33.3,0,0,0.0,1,1,2,2,1,0,1,1,0,0,2
741608,מ.כ עוטף דרום,23,נבו זומרפלד,https://ibasketball.co.il/player/2468ec2589e1db15-10774739/,1,19,7,2,3,66.7,1,2,50.0,3,5,60.0,0,0,0.0,3,1,4,3,0,0,2,5,1,0,10
741608,מ.כ עוטף דרום,15,יונתן קלר,https://ibasketball.co.il/player/2668ee8fba394bd4-34132634/,0,19,18,3,6,50.0,3,3,100.0,6,9,66.7,3,3,100.0,2,1,3,0,2,1,2,1,0,0,20
741608,מ.כ עוטף דרום,1,איתם כהן,https://ibasketball.co.il/player/3068ec2f21e995e2-61137613/,0,17,3,0,2,0.0,1,4,25.0,1,6,16.7,0,0,0.0,2,0,2,1,2,0,0,1,0,0,2
741608,מ.כ עוטף דרום,16,אוהד דקל,https://ibasketball.co.il/player/2068ec2534ed0f34-73651158/,0,15,7,2,4,50.0,0,1,0.0,2,5,40.0,3,4,75.0,3,0,3,3,3,0,2,0,1,0,5
741608,מ.כ עוטף דרום,6,ים שפריר,https://ibasketball.co.il/player/3068ec2e805271c0-23146846/,0,11,3,1,1,100.0,0,1,0.0,1,2,50.0,1,1,100.0,1,0,1,1,1,0,0,2,0,0,5
741608,מ.כ עוטף דרום,18,ליעד משען,https://ibasketball.co.il/player/3568ec2d863a1a87-70766153/,0,6,0,0,1,0.0,0,1,0.0,0,2,0.0,0,0,0.0,0,0,0,3,0,0,0,0,0,0,-5
741608,מ.כ עוטף דרום,11,מתן שטרייט,https://ibasketball.co.il/player/2968ec26a6bfa5c8-00216985/,0,5,0,0,1,0.0,0,0,0.0,0,1,0.0,0,0,0.0,0,0,0,0,0,1,0,1,0,1,0
741687,מכבי רחובות,15,טביס סמית,https://ibasketball.co.il/player/1768ee9dcbe85e13-52921398/,1,31,17,3,8,37.5,3,9,33.3,6,17,35.3,2,3,66.7,2,2,4,1,6,2,1,6,1,1,21
741687,מכבי רחובות,10,עמית אהרוני,https://ibasketball.co.il/player/2368ee96f4ed33f3-38696090/,1,26,2,0,3,0.0,0,4,0.0,0,7,0.0,2,2,100.0,2,0,2,1,4,0,2,4,0,1,1
741687,מכבי רחובות,9,טל פלד,https://ibasketball.co.il/player/2668ee9dd2cc5892-41516899/,1,25,11,1,2,50.0,3,7,42.9,4,9,44.4,0,1,0.0,3,0,3,3,2,0,0,0,0,0,7
741687,מכבי רחובות,34,ג'ושוע רודל אלדריץ',https://ibasketball.co.il/player/3968ee973bef7363-64999701/,1,22,9,3,5,60.0,0,2,0.0,3,7,42.9,3,3,100.0,2,3,5,4,2,0,1,0,0,0,7
741687,מכבי רחובות,5,דרק ווקר,https://ibasketball.co.il/player/1868eec7f20ec071-10319473/,1,22,12,6,8,75.0,0,0,0.0,6,8,75.0,0,0,0.0,7,3,10,4,1,0,1,1,0,0,17
741687,מכבי רחובות,12,עמית מנחם,https://ibasketball.co.il/player/3968ee9dcc33c964-90909372/,0,23,11,1,3,33.3,2,2,100.0,3,5,60.0,3,5,60.0,3,0,3,2,3,2,4,8,0,2,15
741687,מכבי רחובות,26,הראל דדון,https://ibasketball.co.il/player/3668ee971644bda8-84402061/,0,18,4,2,2,100.0,0,0,0.0,2,2,100.0,0,0,0.0,2,0,2,3,0,0,2,1,0,0,2
741687,מכבי רחובות,18,איגור נסטרנקו,https://ibasketball.co.il/player/3268ec2d0c9982a4-67272426/,0,17,15,6,8,75.0,0,0,0.0,6,8,75.0,3,5,60.0,2,3,5,2,4,2,0,1,0,0,21
741687,מכבי רחובות,6,דניאל שרון,https://ibasketball.co.il/player/3768ee9ded94e2d4-61842502/,0,17,5,2,6,33.3,0,2,0.0,2,8,25.0,1,2,50.0,1,2,3,1,1,2,1,3,0,0,5
741687,מכבי רחובות,7,יותם וסר,https://ibasketball.co.il/player/2668ee9ddad68747-45618824/,0,1,0,0,0,0.0,0,0,0.0,0,0,0.0,0,0,0.0,0,0,0,0,0,0,0,0,0,0,0
741687,אליצור שומרון,2,דימיטריוס טרידוול,https://ibasketball.co.il/player/1168ec2336e4a872-93528974/,1,35,19,7,12,58.3,0,0,0.0,7,12,58.3,5,11,45.5,6,6,12,1,9,0,1,5,0,0,32
741687,אליצור שומרון,24,וינס קול,https://ibasketball.co.il/player/1568ec233c577a86-06416884/,1,33,14,3,11,27.3,2,4,50.0,5,15,33.3,2,5,40.0,2,0,2,3,4,0,5,0,1,0,0
741687,אליצור שומרון,9,יונתן מור,https://ibasketball.co.il/player/3568ec2d231020f8-47430873/,1,32,11,2,6,33.3,2,5,40.0,4,11,36.4,1,1,100.0,7,3,10,3,2,1,1,1,2,0,16
741687,אליצור שומרון,7,רועי בכר,https://ibasketball.co.il/player/2768ec24cee265b1-31491996/,1,14,0,0,1,0.0,0,2,0.0,0,3,0.0,0,0,0.0,1,0,1,3,0,0,0,1,0,0,-4
741687,אליצור שומרון,20,שון דליד,https://ibasketball.co.il/player/2468eca3b7180623-91145497/,1,8,0,0,2,0.0,0,1,0.0,0,3,0.0,0,0,0.0,0,0,0,3,2,1,0,1,1,0,-1
741687,אליצור שומרון,28,פול דלייני,https://ibasketball.co.il/player/3068ec3575c81690-52685914/,0,30,14,4,6,66.7,2,4,50.0,6,10,60.0,0,1,0.0,1,0,1,5,2,2,2,8,0,1,14
741687,אליצור שומרון,69,מתן חכמו,https://ibasketball.co.il/player/3668ec2e41a678a0-41598973/,0,27,12,3,5,60.0,2,2,100.0,5,7,71.4,0,0,0.0,4,1,5,3,1,3,4,1,0,0,12
741687,אליצור שומרון,14,יונתן אבולוף,https://ibasketball.co.il/player/3768ec2edcb6e4c1-52445669/,0,15,4,2,2,100.0,0,2,0.0,2,4,50.0,0,0,0.0,0,1,1,0,1,0,0,1,0,0,5
741687,אליצור שומרון,13,אסף כהן,https://ibasketball.co.il/player/2068ec26298186a5-62518026/,0,5,3,0,0,0.0,1,1,100.0,1,1,100.0,0,0,0.0,1,0,1,2,0,0,0,0,0,0,2
741687,אליצור שומרון,5,עומר דרגושנסקי,https://ibasketball.co.il/player/2368ec26235306b1-55165867/,0,2,0,0,0,0.0,0,0,0.0,0,0,0.0,0,0,0.0,0,0,0,0,0,0,0,0,0,0,0
741687,אליצור שומרון,4,איתן בש,https://ibasketball.co.il/player/2868ec2585c9e518-04307942/,0,2,0,0,0,0.0,0,0,0.0,0,0,0.0,0,0,0.0,0,0,0,1,0,0,0,0,0,0,-1
741610,מכבי חיפה גיא נתן,17,נאור שרון,https://ibasketball.co.il/player/3068ec958025e422-13444897/,1,27,7,1,2,50.0,1,6,16.7,2,8,25.0,2,2,100.0,5,0,5,2,2,1,6,7,0,0,8
741610,מכבי חיפה גיא נתן,99,ג'וש פרייס,https://ibasketball.co.il/player/1168ec9577403f73-97293905/,1,26,17,6,9,66.7,1,4,25.0,7,13,53.8,2,2,100.0,4,0,4,4,4,0,3,2,0,0,14
741610,מכבי חיפה גיא נתן,66,ג'יילן לאמאר הרפר,https://ibasketball.co.il/player/1768ec9578031eb2-01070522/,1,22,13,2,4,50.0,2,8,25.0,4,12,33.3,3,4,75.0,3,1,4,3,4,1,1,1,0,1,9
741610,מכבי חיפה גיא נתן,3,אילון ששון,https://ibasketball.co.il/player/2468ec2583146d41-68300974/,1,20,1,0,3,0.0,0,0,0.0,0,3,0.0,1,2,50.0,7,1,8,5,3,0,2,1,0,0,2
741610,מכבי חיפה גיא נתן,41,קורן משה,https://ibasketball.co.il/player/3968ec95889a4878-63150379/,1,18,8,1,1,100.0,0,0,0.0,1,1,100.0,6,6,100.0,3,2,5,3,3,0,1,2,0,0,14
741610,מכבי חיפה גיא נתן,77,אביתר מור יוסף,https://ibasketball.co.il/player/3068ec9580dcdad2-96002540/,0,21,9,0,0,0.0,3,5,60.0,3,5,60.0,0,0,0.0,2,0,2,3,0,0,2,0,0,0,3
741610,מכבי חיפה גיא נתן,18,יוגב עובדיה,https://ibasketball.co.il/player/2868ec9579e93145-88699019/,0,19,6,0,1,0.0,2,5,40.0,2,6,33.3,0,0,0.0,2,0,2,2,1,0,3,3,0,0,3
741610,מכבי חיפה גיא נתן,12,ג'וש פרידקין,https://ibasketball.co.il/player/2468ec2cd0cb4b95-60850457/,0,15,2,1,1,100.0,0,0,0.0,1,1,100.0,0,0,0.0,0,1,1,2,0,0,0,1,0,0,2
741610,מכבי חיפה גיא נתן,13,נווה מינץ,https://ibasketball.co.il/player/3968ec9586587764-70627985/,0,15,9,4,7,57.1,0,0,0.0,4,7,57.1,1,2,50.0,0,2,2,2,2,1,1,1,0,0,8
741610,מכבי חיפה גיא נתן,9,אלון ראכלין,https://ibasketball.co.il/player/2568ec2682b96100-97668621/,0,9,2,1,3,33.3,0,0,0.0,1,3,33.3,0,0,0.0,1,1,2,0,0,1,0,1,0,0,4
741610,מכבי חיפה גיא נתן,14,גלעד מלניק,https://ibasketball.co.il/player/2468ec9578d118c5-96452829/,0,8,3,0,0,0.0,1,2,50.0,1,2,50.0,0,0,0.0,2,0,2,1,0,0,2,0,0,0,1
741610,מכבי אשדוד,3,רוברט טרנר,https://ibasketball.co.il/player/1868ec234de2c7c9-76529441/,1,34,21,3,10,30.0,3,6,50.0,6,16,37.5,6,8,75.0,2,2,4,1,4,2,0,9,0,0,27
741610,מכבי אשדוד,6,אמרי שביט,https://ibasketball.co.il/player/2468e2ce5ff225a1-49644880/,1,28,6,3,7,42.9,0,0,0.0,3,7,42.9,0,0,0.0,5,1,6,3,2,1,2,3,1,0,10
741610,מכבי אשדוד,9,עמית ראובן,https://ibasketball.co.il/player/2168ec243b9dc732-32709205/,1,26,15,2,5,40.0,3,6,50.0,5,11,45.5,2,4,50.0,1,0,1,2,3,0,2,0,0,0,7
741610,מכבי אשדוד,32,בן קלהון גולד,https://ibasketball.co.il/player/3068ec3594ace026-71132628/,1,24,8,0,1,0.0,2,6,33.3,2,7,28.6,2,2,100.0,1,0,1,1,1,1,0,0,0,0,5
741610,מכבי אשדוד,77,דווייט וילסון,https://ibasketball.co.il/player/1768ec234db0da75-85934973/,1,22,13,3,9,33.3,0,0,0.0,3,9,33.3,7,16,43.8,5,3,8,3,8,3,2,0,0,0,12
741610,מכבי אשדוד,4,שחר שלמון,https://ibasketball.co.il/player/2968ec25b4d84d97-61364830/,0,18,6,1,3,33.3,0,0,0.0,1,3,33.3,4,4,100.0,3,3,6,3,3,3,0,0,0,0,13
741610,מכבי אשדוד,26,מתן בן אקן,https://ibasketball.co.il/player/3568ec2d73b0f995-27839768/,0,18,2,1,2,50.0,0,2,0.0,1,4,25.0,0,2,0.0,0,0,0,1,1,3,0,0,0,0,0
741610,מכבי אשדוד,21,נועם יעקובי,https://ibasketball.co.il/player/2368ec25e1ada664-87269940/,0,12,11,3,3,100.0,1,2,50.0,4,5,80.0,2,6,33.3,3,0,3,1,3,2,1,1,0,0,13
741610,מכבי אשדוד,11,בר שינבוים,https://ibasketball.co.il/player/3968ec2386564314-92400237/,0,9,3,0,0,0.0,1,1,100.0,1,1,100.0,0,0,0.0,1,0,1,0,0,0,1,0,0,0,3
741610,מכבי אשדוד,7,רביב פיטשון,https://ibasketball.co.il/player/2168ec23f11fc611-37187873/,0,8,4,1,1,100.0,0,0,0.0,1,1,100.0,2,2,100.0,1,0,1,4,1,0,1,2,0,0,3
741609,א.ס. עירוני אשקלון,11,אר ג׳יי גלאספר,https://ibasketball.co.il/player/1068ec23486a44b6-16051298/,1,32,28,7,10,70.0,2,5,40.0,9,15,60.0,8,8,100.0,3,0,3,0,6,4,5,5,0,0,35
741609,א.ס. עירוני אשקלון,20,רון יצחק כהן,https://ibasketball.co.il/player/3768ec2dc9d2cff1-19438484/,1,28,32,9,13,69.2,4,4,100.0,13,17,76.5,2,2,100.0,3,1,4,4,4,1,5,3,0,0,31
741609,א.ס. עירוני אשקלון,10,עמית סנקר,https://ibasketball.co.il/player/3468ec2e041918e8-68079799/,1,24,5,1,1,100.0,1,3,33.3,2,4,50.0,0,0,0.0,2,0,2,2,1,0,3,5,0,0,6
741609,א.ס. עירוני אשקלון,73,עוז לביא,https://ibasketball.co.il/player/2268ec25273b4375-96495249/,1,23,8,3,3,100.0,0,2,0.0,3,5,60.0,2,2,100.0,4,2,6,2,3,0,1,3,1,0,16
741609,א.ס. עירוני אשקלון,8,עידו פליישר,https://ibasketball.co.il/player/2768ec249e850c67-76959740/,1,22,5,2,5,40.0,0,0,0.0,2,5,40.0,1,2,50.0,5,3,8,3,2,1,0,1,0,0,10
741609,א.ס. עירוני אשקלון,5,ברנדון באומן,https://ibasketball.co.il/player/3668ec357796e8a1-22831634/,0,24,15,5,8,62.5,1,3,33.3,6,11,54.5,2,3,66.7,3,0,3,0,2,0,2,3,0,1,14
741609,א.ס. עירוני אשקלון,6,עומר פולג,https://ibasketball.co.il/player/3568ec2d464d33b2-65147665/,0,21,11,4,8,50.0,1,2,50.0,5,10,50.0,0,0,0.0,1,0,1,2,2,4,0,3,0,2,11
741609,א.ס. עירוני אשקלון,22,עמית זיס,https://ibasketball.co.il/player/2768ec2461c77142-08848421/,0,13,4,1,2,50.0,0,0,0.0,1,2,50.0,2,2,100.0,2,1,3,1,2,0,0,2,0,0,9
741609,א.ס. עירוני אשקלון,4,אריאל ג'אן,https://ibasketball.co.il/player/2468ec27a3ed0910-70772037/,0,11,0,0,0,0.0,0,2,0.0,0,2,0.0,0,0,0.0,0,0,0,2,0,0,1,0,0,0,-5
741609,א.ס. עירוני אשקלון,13,אביב קוקוטק,https://ibasketball.co.il/player/3568ec2ea4e9a280-37406654/,0,2,0,0,0,0.0,0,1,0.0,0,1,0.0,0,0,0.0,0,0,0,2,0,0,0,0,0,0,-3
741609,הפועל מגדל העמק/יזרעאל,1,דשון בורק,https://ibasketball.co.il/player/1268ec234218aaf9-11704214/,1,36,19,5,11,45.5,3,12,25.0,8,23,34.8,0,2,0.0,4,1,5,2,3,4,2,10,1,1,20
741609,הפועל מגדל העמק/יזרעאל,14,אביב שמעוני,https://ibasketball.co.il/player/3268ec2d67d6e673-29702592/,1,27,14,2,4,50.0,2,2,100.0,4,6,66.7,4,4,100.0,5,0,5,4,3,0,1,0,0,0,15
741609,הפועל מגדל העמק/יזרעאל,7,יהל פלג,https://ibasketball.co.il/player/2968ec254385f7e0-63566415/,1,19,11,4,5,80.0,1,4,25.0,5,9,55.6,0,0,0.0,1,2,3,5,1,2,2,6,0,0,12
741609,הפועל מגדל העמק/יזרעאל,6,טום סיגטי,https://ibasketball.co.il/player/2968ec253948d682-09610955/,1,17,7,3,6,50.0,0,1,0.0,3,7,42.9,1,2,50.0,1,2,3,1,1,1,1,1,0,0,6
741609,הפועל מגדל העמק/יזרעאל,13,ברנדון אדווארדס,https://ibasketball.co.il/player/1168ec234430c024-59639919/,1,15,4,2,3,66.7,0,1,0.0,2,4,50.0,0,0,0.0,1,1,2,0,1,1,0,0,0,0,6
741609,הפועל מגדל העמק/יזרעאל,24,עידן אלבר,https://ibasketball.co.il/player/2368ec24d9dcc5d1-17939087/,0,28,26,10,11,90.9,1,3,33.3,11,14,78.6,3,4,75.0,1,1,2,3,2,1,4,6,0,0,26
741609,הפועל מגדל העמק/יזרעאל,5,ניב למפרט,https://ibasketball.co.il/player/3068ec2e451d94f4-15788953/,0,15,5,1,3,33.3,1,3,33.3,2,6,33.3,0,2,0.0,1,1,2,1,2,1,1,4,0,0,6
741609,הפועל מגדל העמק/יזרעאל,17,אורי עובדיה,https://ibasketball.co.il/player/3268ec2e4f18d2b8-12412956/,0,13,10,2,4,50.0,0,1,0.0,2,5,40.0,6,6,100.0,2,4,6,2,4,0,0,0,1,0,16
741609,הפועל מגדל העמק/יזרעאל,19,מקסים פוקסמן,https://ibasketball.co.il/player/3168ec2df4a6e458-80807318/,0,11,2,1,3,33.3,0,1,0.0,1,4,25.0,0,0,0.0,0,3,3,1,0,0,1,0,1,0,1
741609,הפועל מגדל העמק/יזרעאל,9,ניתאי רוזנברג,https://ibasketball.co.il/player/2568ec2522002202-44701407/,0,11,0,0,2,0.0,0,0,0.0,0,2,0.0,0,0,0.0,0,1,1,2,0,0,2,0,0,0,-5
741609,הפועל מגדל העמק/יזרעאל,35,אלון הרשקוביץ,https://ibasketball.co.il/player/2768ec2618dc1129-72483568/,0,4,0,0,0,0.0,0,0,0.0,0,0,0.0,0,0,0.0,1,0,1,1,0,0,1,1,0,0,0
741609,הפועל מגדל העמק/יזרעאל,11,יהלי שטיינהאור,https://ibasketball.co.il/player/3868ec2e350cb799-46433256/,0,3,0,0,0,0.0,0,1,0.0,0,1,0.0,0,0,0.0,0,0,0,0,0,1,0,0,0,0,0
741614,מכבי קרית גת,3,מייקל גרין,https://ibasketball.co.il/player/1368ec2347eedf65-58720394/,1,31,19,3,7,42.9,3,4,75.0,6,11,54.5,4,4,100.0,4,1,5,3,3,1,3,12,0,1,28
741614,מכבי קרית גת,1,מקסים רומנוב,https://ibasketball.co.il/player/2568ec8e6a2e9625-29985941/,1,27,15,5,10,50.0,1,1,100.0,6,11,54.5,2,2,100.0,6,2,8,0,2,0,3,2,1,1,19
741614,מכבי קרית גת,33,דיימונד סטון,https://ibasketball.co.il/player/1768ec2348c74ea6-92602776/,1,24,18,8,11,72.7,0,3,0.0,8,14,57.1,2,3,66.7,11,1,12,4,3,0,5,2,2,0,21
741614,מכבי קרית גת,13,מאור נקרשביץ,https://ibasketball.co.il/player/2968ec25e95688b1-84430668/,1,21,6,1,2,50.0,1,2,50.0,2,4,50.0,1,2,50.0,2,2,4,1,1,0,1,1,0,0,7
741614,מכבי קרית גת,18,בן אונצ'ה,https://ibasketball.co.il/player/3468ec2e29dc8738-73347867/,1,19,2,1,3,33.3,0,0,0.0,1,3,33.3,0,0,0.0,2,0,2,3,3,1,0,1,0,0,4
741614,מכבי קרית גת,7,עמית שדה,https://ibasketball.co.il/player/2368ec24dd4acf51-93988445/,0,27,15,2,9,22.2,1,5,20.0,3,14,21.4,8,10,80.0,4,1,5,1,6,0,4,2,0,2,8
741614,מכבי קרית גת,26,ניב בלול,https://ibasketball.co.il/player/2768ece9d2d9ff75-30745004/,0,19,5,1,4,25.0,1,2,50.0,2,6,33.3,0,0,0.0,2,1,3,2,0,2,0,1,0,1,4
741614,מכבי קרית גת,12,זיו מעוז,https://ibasketball.co.il/player/3768ec2e10c7bc59-20932459/,0,14,0,0,0,0.0,0,1,0.0,0,1,0.0,0,1,0.0,3,2,5,5,0,3,0,0,0,0,1
741614,מכבי קרית גת,8,אלון דניאלי,https://ibasketball.co.il/player/3868ec2f99d79748-92659547/,0,12,8,1,4,25.0,1,2,50.0,2,6,33.3,3,3,100.0,3,1,4,2,2,1,1,0,0,0,8
741614,מכבי קרית גת,11,שי כהן,https://ibasketball.co.il/player/3768ec2f341e5a48-91917498/,0,3,0,0,0,0.0,0,0,0.0,0,0,0.0,0,0,0.0,0,0,0,0,0,1,0,0,0,0,1
741614,מכבי קרית גת,41,אמרי כגן,https://ibasketball.co.il/player/3668ec2e6f878119-96513289/,0,2,0,0,0,0.0,0,1,0.0,0,1,0.0,0,0,0.0,1,0,1,0,0,0,1,0,1,0,0
741614,מכבי קרית גת,32,זיו ברקו,https://ibasketball.co.il/player/2068ec26905fbdd2-26335049/,0,2,0,0,0,0.0,0,0,0.0,0,0,0.0,0,0,0.0,0,0,0,0,0,0,0,0,0,0,0
741614,הפועל נווה שאנן חיפה,11,אקסבייר ג'ונסון,https://ibasketball.co.il/player/1068ec9c7d3e13d0-67259909/,1,36,13,4,13,30.8,1,5,20.0,5,18,27.8,2,2,100.0,4,1,5,2,4,2,4,3,2,2,8
741614,הפועל נווה שאנן חיפה,5,דניאל רוזנבאום,https://ibasketball.co.il/player/3368ec9c9a484819-88599380/,1,33,8,2,3,66.7,1,4,25.0,3,7,42.9,1,3,33.3,6,4,10,3,4,1,1,4,0,1,16
741614,הפועל נווה שאנן חיפה,1,וסלי האריס,https://ibasketball.co.il/player/1168ec9c7d985391-20060054/,1,30,24,7,15,46.7,2,8,25.0,9,23,39.1,4,6,66.7,4,3,7,3,4,1,0,1,3,0,21
741614,הפועל נווה שאנן חיפה,10,שוהם גת,https://ibasketball.co.il/player/3568ec9c8d338894-28461504/,1,23,2,0,1,0.0,0,1,0.0,0,2,0.0,2,2,100.0,4,0,4,4,1,0,2,2,0,0,1
741614,הפועל נווה שאנן חיפה,83,עידו רוימי,https://ibasketball.co.il/player/3568ec9c8a564b22-21934922/,1,21,10,4,7,57.1,0,3,0.0,4,10,40.0,2,3,66.7,2,0,2,0,6,1,0,0,0,0,12
741614,הפועל נווה שאנן חיפה,36,דנאל כוזהינוף,https://ibasketball.co.il/player/3268ec9c86d936f0-52580028/,0,21,2,1,4,25.0,0,4,0.0,1,8,12.5,0,2,0.0,1,0,1,3,2,2,6,6,0,0,-5
741614,הפועל נווה שאנן חיפה,14,גיא חמו,https://ibasketball.co.il/player/2068ec9c807f5e94-25859398/,0,14,0,0,0,0.0,0,2,0.0,0,2,0.0,0,0,0.0,1,0,1,1,0,0,1,0,0,0,-3
741614,הפועל נווה שאנן חיפה,45,אילון פולג,https://ibasketball.co.il/player/3468ec9c9516a1e9-00167968/,0,8,2,1,1,100.0,0,1,0.0,1,2,50.0,0,0,0.0,0,0,0,0,0,1,1,0,0,0,1
741614,הפועל נווה שאנן חיפה,13,רותם לוינשטיין,https://ibasketball.co.il/player/3668ec9c83485fa8-89478164/,0,7,0,0,0,0.0,0,1,0.0,0,1,0.0,0,0,0.0,0,0,0,2,0,0,0,0,0,0,-3
741614,הפועל נווה שאנן חיפה,7,רותם עובדיה,https://ibasketball.co.il/player/3968ec9c9808f820-92301527/,0,6,0,0,1,0.0,0,1,0.0,0,2,0.0,0,0,0.0,1,0,1,2,0,0,0,1,0,1,-3
741614,הפועל נווה שאנן חיפה,8,אבישי יטח,https://ibasketball.co.il/player/3668ec9c900d7e04-74182980/,0,1,0,0,1,0.0,0,0,0.0,0,1,0.0,0,0,0.0,0,1,1,0,0,1,0,0,0,0,1
